,Specimen_ID,new_name,length,width,area,c_gravity,aspect_ratio,T_density,angle_b,angle_t,trichome_q,region,trichome_4,trichome_2,type,stellate_hairs_stalked
0,HUH_00266674_B3a,acutifolium,5.102,3.05,12.222000000000001,0.45276362200000003,1.672786885,0.0,149.0,76.0,4.97,oaxaca,1,1,SGE,0
1,G_Martin_545_A,acutifolium,3.573,2.0380000000000003,5.718999999999999,0.489784495,1.753189401,0.0,87.0,70.0,4.97,oaxaca,1,1,SGE,0
2,acutifolium_MD_1_Mirador_2015,acutifolium,4.521,2.415,8.574,0.5161026320000001,1.872049689,0.0,118.0,67.0,4.97,oaxaca,1,1,SGE,0
3,acutifolium_G_L_Webster_17481_E,acutifolium,3.452,1.9069999999999998,5.171,0.480880649,1.810173047,0.0,105.0,73.0,4.97,oaxaca,1,1,SGE,0
4,acutifolium_R_Hernendez_N_2418_A,acutifolium,2.231,1.163,2.0380000000000003,0.470640968,1.918314703,0.0,98.0,61.0,4.97,oaxaca,1,1,SGE,0
5,acutifolium_PWS_3060_B,acutifolium,4.664,2.283,8.362,0.381646655,2.042925975,0.0,157.0,56.0,4.97,oaxaca,1,1,SGE,0
6,acutifolium_MD_96_B,acutifolium,2.398,1.515,2.853,0.408673895,1.5828382840000002,0.0,160.0,69.0,4.97,oaxaca,1,1,SGE,0
7,acutifolium_MD_2472_A,acutifolium,3.34,2.01,5.274,0.431137725,1.6616915419999998,0.0,145.0,57.0,4.97,oaxaca,1,1,SGE,0
8,acutifolium_MD_2482_A,acutifolium,2.835,1.6219999999999999,3.612,0.458553792,1.74784217,0.0,128.0,75.0,4.97,oaxaca,1,1,SGE,0
9,acutifolium_PWS_3050_A,acutifolium,4.495,2.05,7.239,0.5183537260000001,2.192682927,0.065138093,127.0,53.0,4.97,oaxaca,1,1,SGE,0
10,acutifolium_PWS_3059_A,acutifolium,3.252,1.217,3.108,0.513530135,2.672144618,0.094161959,114.0,41.0,4.97,oaxaca,1,1,SGE,0
11,acutifolium_MD_171_A,acutifolium,2.904,1.827,4.168,0.468319559,1.589490969,0.10085728699999999,127.0,100.0,4.97,oaxaca,1,1,SGE,0
12,W_Holmes_4552_Field,acutifolium,2.827,1.5019999999999998,3.3360000000000003,0.512911213,1.8821571240000001,0.10110201199999999,87.0,61.0,4.97,oaxaca,1,1,SGE,0
13,acutifolium_mirador_1_DSCN7586_a,acutifolium,5.414,2.54,10.800999999999998,0.47284817100000004,2.131496063,0.17211704,108.0,71.0,4.97,oaxaca,1,1,SGE,0
14,acutifolium_PWS_3051_C,acutifolium,2.7439999999999998,1.641,3.536,0.502915452,1.6721511269999998,0.203148807,143.0,66.0,4.97,oaxaca,1,1,SGE,0
15,acutifolium_MD_23_A,acutifolium,2.354,1.338,2.4730000000000003,0.446049278,1.7593423019999999,0.238265428,130.0,53.0,4.97,oaxaca,1,1,SGE,0
16,alpinum_peckham_woods_5-25_a,alpinum,9.183,4.515,32.564,0.44974409200000004,2.033887043,0.0,109.0,63.0,4.97,jamaica,1,1,IGE,0
17,alpinum_DSCN8696_B_a,alpinum,12.402999999999999,8.213,80.00399999999999,0.45795372100000004,1.510166809,0.0,136.0,77.0,4.97,jamaica,1,1,IGE,0
18,alpinum_DSCN8731_A_a,alpinum,8.341000000000001,4.527,29.656,0.416017264,1.842500552,0.0,154.0,62.0,4.97,jamaica,1,1,IGE,0
19,alpinum1.jpg,alpinum,10.972999999999999,7.787000000000001,65.274,0.48036088600000004,1.4091434440000001,0.0,123.111,71.328,4.97,jamaica,1,1,IGE,0
20,alpinum7.jpg,alpinum,10.012,6.35,49.934,0.453156213,1.576692913,0.0,169.334,70.937,4.97,jamaica,1,1,IGE,0
21,alpinum3.jpg,alpinum,8.398,6.15,40.562,0.536080019,1.365528455,0.0,124.69200000000001,54.687,4.97,jamaica,1,1,IGE,0
22,alpinum2.jpg,alpinum,7.832000000000001,4.533,27.888,0.46284474,1.7277741009999998,0.0,126.491,57.32,4.97,jamaica,1,1,IGE,0
23,alpinum4.jpg,alpinum,6.261,3.822,18.792,0.470212426,1.6381475669999999,0.0,127.98899999999999,78.467,4.97,jamaica,1,1,IGE,0
24,alpinum5.jpg,alpinum,6.053,3.6189999999999998,17.204,0.49578721299999995,1.672561481,0.0,121.94200000000001,51.155,4.97,jamaica,1,1,IGE,0
25,alpinum6.jpg,alpinum,4.189,2.875,9.458,0.48866077799999996,1.4570434780000001,0.0,128.692,62.13399999999999,4.97,jamaica,1,1,IGE,0
26,YU.254897.jpg,ayavacense,7.236000000000001,3.02,17.16,0.451630735,2.39602649,0.0,105.51899999999999,43.968,4.97,jamaica,1,1,IGE,0
27,YU.254906.jpg,ayavacense,6.175,3.443,16.698,0.462995951,1.793494046,0.0,141.246,54.096000000000004,107.07,ec_peru,2,1,IGE,0
28,YU.254899.jpg,ayavacense,6.025,3.0269999999999997,14.325,0.6449792529999999,1.9904195569999998,0.0,100.902,67.751,107.07,ec_peru,2,1,IGE,0
29,YU.254900.jpg,ayavacense,5.5889999999999995,2.5469999999999997,11.18,0.45786366100000003,2.19434629,0.0,95.991,39.429,4.97,ec_peru,1,1,IGE,0
30,ayavacense 1 norther peru DSCN9765.jpg_B,ayavacense,9.61,5.819,43.915,0.598959417,1.65148651,0.135810517,179.86900000000003,112.12200000000001,4.97,ec_peru,1,1,IGE,0
31,ayavacense 2 northern peru DSCN9782.jpg_A,ayavacense,10.357999999999999,6.194,50.393,0.482718672,1.6722634809999999,0.142389292,172.678,129.894,4.97,ec_peru,1,1,IGE,0
32,hallii_D_N_Smith_6967_B,ayavacense,5.827999999999999,3.266,14.948,0.6297186,1.784445805,0.149335457,74.0,96.0,107.07,ec_peru,2,1,IGE,0
33,ayavacense 1 norther peru DSCN9765.jpg_A,ayavacense,9.265,5.934,43.178999999999995,0.5002698329999999,1.561341422,0.213089802,149.539,66.186,4.97,ec_peru,1,1,IGE,0
34,H_Vargas_4115_C,ayavacense,6.09,3.557,17.016,0.459770115,1.712116952,0.235017626,114.0,82.0,107.07,ec_peru,2,1,IGE,0
35,YU.254905.jpg,ayavacense,6.25,3.7430000000000003,18.375,0.48608,1.669783596,0.260892252,128.92,33.012,107.07,ec_peru,2,1,IGE,0
36,ayavacense 2 northern peru DSCN9782.jpg_B,ayavacense,9.881,4.7,36.476,0.5487298860000001,2.102340426,0.292911541,126.93799999999999,73.792,4.97,ec_peru,1,1,IGE,0
37,YU.254896.jpg,ayavacense,5.519,2.946,12.772,0.458778764,1.8733876440000001,0.32566218,148.22899999999998,30.914,4.97,ec_peru,1,1,IGE,0
38,H_Vargas_4116_A,ayavacense,6.18,3.495,16.965,0.44336569600000003,1.7682403430000002,0.357621815,107.0,69.0,107.07,ec_peru,2,1,IGE,0
39,YU.254910.jpg,ayavacense,9.152999999999999,4.7989999999999995,34.5,0.49054954700000003,1.9072723480000002,0.363072251,125.286,66.226,4.97,ec_peru,1,1,IGE,0
40,D_Breedlove_7818_B,blandum,4.262,2.465,8.253,0.415297982,1.729006085,0.0,191.0,83.0,4.97,chiapas,1,1,SGE,0
41,"blandum_MD_1_Zontehuitz,_Chiapas_2015",blandum,6.1,2.926,14.017999999999999,0.447540984,2.084757348,0.0,134.0,64.0,4.97,chiapas,1,1,SGE,0
42,blandum_D_Breedlove_8720_A_a,blandum,7.742000000000001,3.585,21.799,0.47274606,2.159553696,0.0,114.0,55.0,4.97,chiapas,1,1,SGE,0
43,blandum_D_Breedlove_11627_A_a,blandum,7.183,4.037,22.773000000000003,0.409299735,1.7792915530000002,0.0,138.0,61.0,4.97,chiapas,1,1,SGE,0
44,blandum_D_E_Breedlove_25036_A_a,blandum,6.692,2.955,15.530999999999999,0.49910340700000005,2.26463621,0.0,112.0,42.0,4.97,chiapas,1,1,SGE,0
45,blandum_D_E_Breedlove_22809_B,blandum,5.645,2.238,9.924,0.602302923,2.522341376,0.0,99.0,53.0,4.97,chiapas,1,1,SGE,0
46,blandum_D_E_Breedlove_30429_A,blandum,5.155,2.733,11.065999999999999,0.545101843,1.886205635,0.0,131.0,65.0,4.97,chiapas,1,1,SGE,0
47,blandum_D_E_Breedlove_31133_A,blandum,4.686,2.408,8.862,0.638070849,1.9460132890000001,0.0,76.0,66.0,4.97,chiapas,1,1,SGE,0
48,blandum_D_E_Breedlove_42763_A,blandum,8.213,3.609,23.279,0.6367953239999999,2.27569964,0.0,75.0,62.0,4.97,chiapas,1,1,SGE,0
49,blandum_E_Matuda_401_B,blandum,5.581,2.089,9.158,0.5303709010000001,2.671613212,0.0,97.0,42.0,4.97,chiapas,1,1,SGE,0
50,blandum_P_J_Stafford_301_E,blandum,4.249,2.013,6.7170000000000005,0.484819958,2.11077993,0.0,96.0,61.0,4.97,chiapas,1,1,SGE,0
51,blandum_R_J_Hampshire_776_B,blandum,5.5120000000000005,2.541,11.0,0.477140784,2.169224715,0.0,118.0,46.0,4.97,chiapas,1,1,SGE,0
52,blandum_MD_464_A,blandum,7.035,2.405,13.286,0.486140725,2.925155925,0.0,87.0,37.0,4.97,chiapas,1,1,SGE,0
53,blandum_motozintla_5_DSCN7972_a,blandum,6.485,3.103,15.804,0.380878951,2.089912987,0.044259538,142.0,48.0,4.97,chiapas,1,1,SGE,0
54,blandum_MD_458_A,blandum,4.603,2.35,8.496,0.534434065,1.9587234040000001,0.06413545400000001,100.0,56.0,4.97,chiapas,1,1,SGE,0
55,D_Breedlove_8116_A,blandum,8.09,4.011,25.483,0.46477132299999996,2.016953378,0.071571715,148.0,63.0,4.97,chiapas,1,1,SGE,0
56,blandum_A_Sharp_46127_B_a,blandum,6.888,3.4960000000000004,18.912,0.511033682,1.970251716,0.07582076,144.0,48.0,4.97,chiapas,1,1,SGE,0
57,blandum_D_Breedlove_11133_B_b,blandum,7.4510000000000005,3.427,20.057000000000002,0.399946316,2.174204844,0.076204991,150.0,61.0,4.97,chiapas,1,1,SGE,0
58,blandum_motozintla_2_DSCN8023_a,blandum,7.103,3.009,16.789,0.46600028200000004,2.3605849119999998,0.083734561,94.0,44.0,4.97,chiapas,1,1,SGE,0
59,blandum_A_Shilom_Ton_703_D_a,blandum,6.542000000000001,3.76,19.319000000000003,0.48303271200000003,1.739893617,0.087542677,130.0,80.0,4.97,chiapas,1,1,SGE,0
60,blandum_motozintla_1_DSCN8000_a,blandum,6.482,3.407,17.345,0.43196544299999995,1.902553566,0.090624858,140.0,58.0,4.97,chiapas,1,1,SGE,0
61,blandum_J_Steyermark_36813_B_a,blandum,5.622000000000001,2.7680000000000002,12.222999999999999,0.499822127,2.031069364,0.091873765,96.0,64.0,4.97,chiapas,1,1,SGE,0
62,blandum_motozintla_3_DSCN8065_a,blandum,7.601,3.3989999999999996,20.29,0.44862518100000004,2.236245955,0.12012974,132.0,51.0,4.97,chiapas,1,1,SGE,0
63,blandum_motozintla_4_DSCN7908_a,blandum,6.604,3.0180000000000002,15.651,0.5178679589999999,2.188204109,0.135214315,90.0,53.0,4.97,chiapas,1,1,SGE,0
64,blandum_J_Steyermark_36853_A_b,blandum,5.307,2.51,10.463,0.44846429200000004,2.1143426290000003,0.152749491,114.0,50.0,4.97,chiapas,1,1,SGE,0
65,"blandum_MD_3_Zontehuitz,_Chiapas_2016",blandum,6.56,2.917,15.027999999999999,0.434783,2.248885842,0.186532363,135.0,52.0,4.97,chiapas,1,1,SGE,0
66,HUH_00266677_C,blandum,5.856,2.659,12.23,0.454234973,2.202331704,0.261848651,122.0,61.0,4.97,chiapas,1,1,SGE,0
67,blandum_MD_323_A,blandum,4.053999999999999,1.979,6.301,0.439072521,2.048509348,0.436014825,151.0,58.0,4.97,chiapas,1,1,SGE,0
68,"blandum_MD_2_Zontehuitz,_Chiapas_2015",blandum,7.4079999999999995,3.946,22.96,0.535907127,1.877344146,0.58532017,143.0,64.0,4.97,chiapas,1,1,SGE,0
69,A_Ceron_C_1023_A_b,caudatum,9.374,6.574,48.398999999999994,0.475784084,1.4259202919999998,0.0,123.0,74.0,4.97,east_mexico,1,1,IGE,0
70,caudatum_J_L_Contreras_5322_D_b,caudatum,6.024,4.637,21.936,0.489707835,1.299115808,0.0,208.0,74.0,4.97,east_mexico,1,1,IGE,0
71,L_Caamano_Onofre_10744_A_b,caudatum,8.226,6.12,39.54,0.37563822,1.3441176469999998,0.0,186.0,68.0,4.97,east_mexico,1,1,IGE,0
72,caudatum_MD_28_A,caudatum,7.556,6.547999999999999,38.858000000000004,0.41556379,1.153940134,0.0,207.0,76.0,4.97,east_mexico,1,1,IGE,0
73,caudatum_MD_38_A,caudatum,9.416,7.358,54.413000000000004,0.45879354299999997,1.279695569,0.0,197.0,71.0,4.97,east_mexico,1,1,IGE,0
74,caudatum_MD_43_A,caudatum,9.424,8.002,59.227,0.458404075,1.177705574,0.0,213.0,80.0,4.97,east_mexico,1,1,IGE,0
75,caudatum_J_L_Contreras_5458_D_a,caudatum,6.546,5.008,25.750999999999998,0.430797434,1.307108626,0.037830067,204.0,64.0,4.97,east_mexico,1,1,IGE,0
76,L_Caamano_Onofre_9270_A_b,caudatum,5.619,5.271,23.259,0.476953195,1.0660216279999999,0.04014452,168.0,79.0,4.97,east_mexico,1,1,IGE,0
77,caudatum_MD_29_A,caudatum,10.429,7.68,62.907,0.526416723,1.3579427080000002,0.048697345999999996,204.0,78.0,4.97,east_mexico,1,1,IGE,0
78,P03319981_A,caudatum,9.049,6.1339999999999995,43.599,0.430986849,1.475220085,0.056715064,244.0,69.0,4.97,east_mexico,1,1,IGE,0
79,caudatum_J_L_Contreras_4877_A_a,caudatum,8.14,5.234,33.463,0.58968059,1.555215896,0.063449764,248.0,66.0,4.97,east_mexico,1,1,IGE,0
80,caudatum_A_J_Coombes_1226_A_b,caudatum,11.182,7.0089999999999995,61.552,0.522267931,1.595377372,0.07558198099999999,127.0,75.0,4.97,east_mexico,1,1,IGE,0
81,caudatum_J_L_Contreras_5878_B_a,caudatum,10.138,7.935,63.181999999999995,0.410337345,1.27763075,0.102522042,263.0,87.0,4.97,east_mexico,1,1,IGE,0
82,L_Caamano_Onofre_10749_A_a,caudatum,8.368,6.466,42.496,0.448135755,1.294154036,0.194653517,204.0,85.0,4.97,east_mexico,1,1,IGE,0
83,E00259172_A,caudatum,8.277999999999999,6.51,42.324,0.444551824,1.2715821809999999,0.20289267,159.0,69.0,4.97,east_mexico,1,1,IGE,0
84,"caudatum_MD_1_Honey,_Puelbla_2016",caudatum,6.132999999999999,3.7880000000000003,18.248,0.434615,1.61906019,0.223144553,114.0,64.0,4.97,east_mexico,1,1,IGE,0
85,L_Caamano_Onofre_10746_A_b,caudatum,10.902000000000001,8.636000000000001,73.944,0.5677857270000001,1.262389995,0.295119183,244.0,89.0,4.97,east_mexico,1,1,IGE,0
86,caudatum_J_L_Contreras_4899_C_a,caudatum,7.1160000000000005,6.867000000000001,38.383,0.577571669,1.036260376,0.50629707,215.0,107.0,4.97,east_mexico,1,1,IGE,0
87,ciliatum_Y_A_Vargas_225_D,ciliatum,5.809,3.65,16.652,0.528490274,1.5915068490000002,0.7224454779999999,158.0,67.0,4.97,east_mexico,1,1,D,0
88,MO_746123_A,ciliatum,7.696000000000001,5.317,32.137,0.570426195,1.4474327630000001,0.85684908,139.0,70.0,4.97,east_mexico,1,1,D,0
89,ciliatum_Mercier_447_A,ciliatum,6.728,4.662,24.636999999999997,0.505350773,1.443157443,1.03477586,233.0,82.0,4.97,east_mexico,1,1,D,0
90,ciliatum_MD_1_Honey_Puebla_2016,ciliatum,6.2170000000000005,3.7260000000000004,18.195,0.421425125,1.668545357,1.104023553,201.0,71.0,4.97,east_mexico,1,1,D,0
91,P00644620_C,ciliatum,3.983,3.1,9.695,0.386643234,1.28483871,1.336411129,225.0,76.0,4.97,east_mexico,1,1,D,0
92,ciliatum 2 DSCN0815.jpg,ciliatum,4.919,3.31,12.787,0.619841431,1.486102719,1.62189559,153.704,48.888000000000005,4.97,east_mexico,1,1,D,0
93,ciliatum_MD_31_A,ciliatum,5.071000000000001,3.1460000000000004,12.532,0.437783475,1.611888112,1.6996892,196.0,60.0,4.97,east_mexico,1,1,D,0
94,ciliatum 1 DSCN0817.jpg,ciliatum,4.5360000000000005,3.4730000000000003,12.373,0.525132275,1.306075439,1.917653694,137.315,64.012,4.97,east_mexico,1,1,D,0
95,ciliatum 3 DSCN0828.jpg,ciliatum,3.5389999999999997,2.5180000000000002,6.999,0.440237355,1.40548054,1.9418925980000001,148.968,80.641,4.97,east_mexico,1,1,D,0
96,E_Little_6017_A,costaricanum,6.77,3.281,17.445,0.515509601,2.063395306,0.0,79.0,62.0,4.97,costa_rica,1,1,IGE,0
97,costaricanum_A_Smith_4172_C_a,costaricanum,8.104,4.212,26.811,0.48741362299999996,1.9240265909999998,0.0,99.0,56.0,4.97,costa_rica,1,1,IGE,0
98,costaricanum_A_Tonduz_11923_E_a,costaricanum,5.776,2.318,10.515,0.543628809,2.491803279,0.0,61.0,47.0,4.97,costa_rica,1,1,IGE,0
99,costaricanum_D_Hazlett_5097_B_a,costaricanum,7.379,3.228,18.709,0.409269549,2.285935564,0.0,71.0,44.0,4.97,costa_rica,1,1,IGE,0
100,costaricanum_G_Hartshorn_1455_A_b,costaricanum,10.459000000000001,4.659,38.273,0.492398891,2.24490234,0.0,80.0,52.0,4.97,costa_rica,1,1,IGE,0
101,costaricanum_G_Hartshorn_1466_B_b,costaricanum,5.829,2.455,11.24,0.516383599,2.374338086,0.0,85.0,48.0,4.97,costa_rica,1,1,IGE,0
102,costaricanum_G_Hartshorn_1760_B_a,costaricanum,8.806000000000001,3.778,26.133000000000003,0.585964115,2.33086289,0.0,61.0,50.0,4.97,costa_rica,1,1,IGE,0
103,costaricanum_L_Williams_28204_A_b,costaricanum,9.184,4.22,30.44,0.504137631,2.176303318,0.0,68.0,61.0,4.97,costa_rica,1,1,IGE,0
104,costaricanum_W_Burger_7718_C_b,costaricanum,8.422,3.6710000000000003,24.278000000000002,0.523628592,2.294197766,0.0,93.0,53.0,4.97,costa_rica,1,1,IGE,0
105,costaricanum_MD_620_A,costaricanum,8.838,4.965,34.461999999999996,0.48314098200000005,1.7800604230000001,0.0,119.0,87.0,4.97,costa_rica,1,1,IGE,0
106,A_Smith_4123_B,costaricanum,9.627,4.698,35.522,0.514178872,2.04916986,0.107146684,92.0,57.0,4.97,costa_rica,1,1,IGE,0
107,M_Mart_7354_A,costaricanum,4.7989999999999995,2.081,7.8420000000000005,0.491769119,2.306102835,0.112764998,65.0,47.0,4.97,costa_rica,1,1,IGE,0
108,costaricanum_A_Molina_18299_A_b,costaricanum,8.809,2.673,18.491,0.535815643,3.295548073,0.142495814,62.55,30.0,4.97,costa_rica,1,1,IGE,0
109,W_Lent_2367_A,costaricanum,5.113,2.825,11.343,0.551535302,1.809911504,0.15315499300000002,71.0,60.0,4.97,costa_rica,1,1,IGE,0
110,costaricanum_MD_615_A,costaricanum,9.519,4.332,32.389,0.56728648,2.1973684209999997,0.158197811,81.0,52.0,4.97,costa_rica,1,1,IGE,0
111,costaricanum_A_Marenes_17160_A_a,costaricanum,6.439,3.2489999999999997,16.432000000000002,0.501630688,1.981840566,0.168598525,110.0,56.0,4.97,costa_rica,1,1,IGE,0
112,HUH_00266662_A,costaricanum,11.125,4.42,35.494,0.50247191,2.5169683259999998,0.20934266399999998,65.0,57.0,4.97,costa_rica,1,1,IGE,0
113,K_Barringer_2292_B,costaricanum,5.081,2.316,9.241,0.576658138,2.193868739,0.22181556,65.0,47.0,4.97,costa_rica,1,1,IGE,0
114,costaricanum_A_Molina_18266_A_b,costaricanum,10.654000000000002,4.891,40.928000000000004,0.437394406,2.178286649,0.24253530199999998,96.0,50.0,4.97,costa_rica,1,1,IGE,0
115,HUH_00266663_A,costaricanum,7.385,3.1260000000000003,18.129,0.641841571,2.362444018,0.318763199,58.0,63.0,4.97,costa_rica,1,1,IGE,0
116,costaricanum_A_Cascante_854_C_a,costaricanum,5.725,2.906,13.067,0.5048034929999999,1.970061941,0.491231517,76.0,51.0,4.97,costa_rica,1,1,IGE,0
117,costaricanum DSCN3367.jpeg,costaricanum,9.217,3.778,27.35,0.417814907,2.439650609,0.163912929,58.441,36.405,4.97,costa_rica,1,1,IGE,0
118,costaricanum DSCN3449.jpeg,costaricanum,9.078,3.2,22.813000000000002,0.398766248,2.836875,0.0,76.47399999999999,22.599,4.97,costa_rica,1,1,IGE,0
119,costaricanum DSCN3455.jpeg,costaricanum,11.217,3.612,31.819000000000003,0.36230721200000005,3.105481728,0.079738458,99.689,12.845,4.97,costa_rica,1,1,IGE,0
120,costaricanum DSCN3788.jpeg,costaricanum,9.781,6.292000000000001,48.331,0.41733974,1.554513668,0.0,113.954,53.396,4.97,costa_rica,1,1,IGE,0
121,costaricanum DSCN3816.jpeg,costaricanum,8.203,3.967,25.559,0.546385469,2.0678094280000003,0.0,83.318,29.303,4.97,costa_rica,1,1,IGE,0
122,dentatum D E Atha_14047_A.jpg (blue),dentatum,9.966000000000001,7.15,55.968,0.46558298213927396,1.39384615384615,0.587227795448985,236.0,90.0,107.07,ena,2,1,D,0
123,ELS599_1_to_10.jpg (blue),dentatum,5.313,3.113,12.991,0.6041784302653871,1.7067137809187298,0.8245622544502109,155.0,78.0,107.07,ena,2,1,D,0
124,ELS646_1_to_4.jpg (blue),dentatum,8.901,8.601,60.126000000000005,0.36962139085496,1.03487966515521,0.881698150638129,202.0,97.0,107.07,ena,2,1,D,0
125,dentatum D E Atha_14049_A.jpg (blue),dentatum,7.582999999999999,5.347,31.846999999999998,0.5538704998021889,1.4181784178043797,0.908471496706791,142.0,102.0,107.07,ena,2,1,D,0
126,dentatum J F Poggenburg_sn_A.jpg (blue),dentatum,5.222,4.4430000000000005,18.223,0.522788203753351,1.17533198289444,0.952660120181738,206.0,97.0,107.07,ena,2,1,D,0
127,dentatum D E Atha_14473_A.jpg (blue),dentatum,7.513999999999999,3.931,23.197,0.43119510247537896,1.91147290765708,0.953583670523956,216.0,55.0,107.07,ena,2,1,D,0
128,dentatum N H Holmgren 9828_B.jpg (blue),dentatum,5.0969999999999995,3.557,14.24,0.492446537178733,1.4329491144222701,0.9625380202518001,182.0,78.0,107.07,ena,2,1,D,0
129,dentatum Kerry Barringer_9777_A.jpg (blue),dentatum,7.635,5.172999999999999,31.022,0.326129666011788,1.4759327276242,1.00502512562814,248.0,76.0,107.07,ena,2,1,D,0
130,dentatum D E Atha_15633_B.jpg (blue),dentatum,6.301,4.748,23.496,0.399936518013014,1.3270850884583,1.01648972215948,213.0,92.0,107.07,ena,2,1,D,0
131,dentatum W Hess 8729_A.jpg (blue),dentatum,6.19,5.579,27.122,0.421647819063005,1.10951783473741,1.02428547827524,189.0,103.0,107.07,ena,2,1,D,0
132,dentatum Kerry Barringer_8414_A.jpg (blue),dentatum,5.019,3.508,13.825999999999999,0.5279936242279339,1.43072976054732,1.05724210844283,182.0,89.0,107.07,ena,2,1,D,0
133,dentatum D E Atha_14048_B.jpg (blue),dentatum,5.565,5.204,22.747,0.43126684636118606,1.0693697156033801,1.07104605498036,227.0,98.0,107.07,ena,2,1,D,0
134,ELS623_1_to_6.jpg (blue),dentatum,6.228,5.027,24.590999999999998,0.502569043031471,1.23890988661229,1.1147540983606599,192.0,106.0,107.07,ena,2,1,D,0
135,ELS570_1_to_4.jpg (blue),dentatum,7.257000000000001,6.111000000000001,34.827,0.47540305911533703,1.18753068237604,1.13321205976203,166.0,104.0,107.07,ena,2,1,D,0
136,ELS617_13_to_15.jpg (blue),dentatum,6.723,5.965,31.496,0.47746541722445296,1.12707460184409,1.1616954474097299,188.0,110.0,107.07,ena,2,1,D,0
137,dentatum D E Atha_14459_B.jpg (blue),dentatum,5.999,5.447,25.664,0.5334222370395071,1.10134018725904,1.1837821840781297,203.0,106.0,107.07,ena,2,1,D,0
138,dentatum unknown sn_A.jpg (blue),dentatum,5.864,5.239,24.13,0.521828103683492,1.11929757587326,1.18955986285075,203.0,114.0,107.07,ena,2,1,D,0
139,discolor_MD_463_B,discolor,4.863,2.778,10.612,0.546987456,1.750539957,0.0,102.0,62.0,4466.34,chiapas,4,2,LPT,1
140,discolor_MD_466_A,discolor,6.082999999999999,2.519,12.034,0.471806674,2.414847162,0.0,106.0,50.0,4466.34,chiapas,4,2,LPT,1
141,discolor_MD_462_A,discolor,6.621,3.415,17.758,0.499924483,1.938799414,0.045865248,114.0,74.0,4466.34,chiapas,4,2,LPT,1
142,discolor_motozintla_2_DSCN8051_a,discolor,9.995,4.955,38.895,0.408204102,2.01715439,0.090165905,131.0,56.0,4466.34,chiapas,4,2,LPT,1
143,L_Williams_15313_B,discolor,4.9639999999999995,2.653,10.345,0.5620467370000001,1.871089333,0.106575722,88.0,64.0,4466.34,chiapas,4,2,LPT,1
144,HUH_00266666_A,discolor,6.218999999999999,3.575,17.464000000000002,0.529023959,1.73958042,0.276352152,98.0,71.0,4466.34,chiapas,4,2,LPT,1
145,discolor_M_Veliz_997274_D,discolor,4.32,2.525,8.568,0.594907407,1.710891089,0.309405941,67.0,74.0,4466.34,chiapas,4,2,LPT,1
146,HFM_983454_A,discolor,6.672999999999999,4.12,21.594,0.5739547429999999,1.6196601940000002,0.31814205,99.0,67.0,4466.34,chiapas,4,2,LPT,1
147,discolor_MD_505_B,discolor,7.182,3.429,19.34,0.5806182120000001,2.0944881890000002,0.327560087,171.0,58.0,4466.34,chiapas,4,2,LPT,1
148,discolor_V_Budo_1_A,discolor,7.561,3.86,22.919,0.55151435,1.95880829,0.337381916,150.0,65.0,4466.34,chiapas,4,2,LPT,1
149,discolor_A_Sharp_4514__A_b,discolor,5.9670000000000005,3.284,15.388,0.576504106,1.8169914740000002,0.39306244799999995,109.0,70.0,4466.34,chiapas,4,2,LPT,1
150,discolor_motozintla_1_DSCN8033_a,discolor,9.82,5.394,41.599,0.47046843200000005,1.8205413419999998,0.418986054,211.0,70.0,4466.34,chiapas,4,2,LPT,1
151,L_Williams_16830_B_a,discolor,5.215,2.595,10.628,0.508149569,2.009633911,0.42328042299999996,117.0,65.0,4466.34,chiapas,4,2,LPT,1
152,discolor_MD_508_A,discolor,7.01,3.987,21.953000000000003,0.6704707560000001,1.758214196,0.501349788,141.0,72.0,4466.34,chiapas,4,2,LPT,1
153,CNHM_1614882_A,discolor,5.547000000000001,3.03,13.199000000000002,0.540832883,1.830693069,0.514668039,104.0,64.0,4466.34,chiapas,4,2,LPT,1
154,L_Williams_14267_B_b,discolor,5.784,3.466,15.748,0.644882434,1.6687824580000001,0.545876359,110.0,67.0,4466.34,chiapas,4,2,LPT,1
155,discolor_MD_506_A,discolor,9.503,4.721,35.236,0.592444491,2.012920991,0.616378045,145.0,75.0,4466.34,chiapas,4,2,LPT,1
156,discolor_MD_504_A,discolor,8.545,5.992000000000001,40.214,0.583967232,1.4260680909999999,0.645729381,160.0,80.0,4466.34,chiapas,4,2,LPT,1
157,discolor_MD_507_A,discolor,6.9479999999999995,4.303,23.483,0.5325273460000001,1.6146874269999998,0.694034771,143.0,64.0,4466.34,chiapas,4,2,LPT,1
158,F_W_Hunnewell_17260_A_a,discolor,6.006,3.738,17.633,0.5827505829999999,1.606741573,0.7587592059999999,107.0,74.0,4466.34,chiapas,4,2,LPT,1
159,C_Gnakmala_2438_A,disjunctum,12.755999999999998,5.605,56.153,0.489965506,2.275825156,0.061767794,87.0,53.0,973.72,chiapas,3,2,LPT,1
160,L_Williams_42044_A,disjunctum,14.562999999999999,5.699,65.184,0.474490146,2.55536059,0.086931954,127.0,59.0,973.72,chiapas,3,2,LPT,1
161,disjunctum_A_Molina_6895_A_b,disjunctum,14.661,9.488999999999999,109.26299999999999,0.436532297,1.5450521659999998,0.12625351699999998,102.0,68.0,973.72,chiapas,3,2,LPT,1
162,disjunctum_R_Wilbur_14893_B,disjunctum,11.325999999999999,5.943,52.865,0.565954441,1.9057714959999998,0.148107921,104.0,93.0,973.72,chiapas,3,2,LPT,1
163,disjunctum_MD_3_A_b,disjunctum,15.831,7.3839999999999995,91.816,0.486387468,2.143959913,0.19590557399999997,94.0,49.0,973.72,chiapas,3,2,LPT,1
164,L_Williams_40142_A,disjunctum,14.965,6.006,70.594,0.5499498829999999,2.491674992,0.198799253,111.0,64.0,973.72,chiapas,3,2,LPT,1
165,disjunctum_H_von_Tuerckheim_977_B,disjunctum,12.645999999999999,3.898,38.717,0.539300965,3.244227809,0.267151101,102.0,68.0,973.72,chiapas,3,2,LPT,1
166,disjunctum_MD_481_C_a,disjunctum,13.619000000000002,8.183,87.53399999999999,0.571260739,1.664304045,0.428010496,125.0,73.0,973.72,chiapas,3,2,LPT,1
167,disjunctum_lagos_1_DSCN7811_a,disjunctum,23.156999999999996,13.154000000000002,239.234,0.42535734299999994,1.760453094,0.48036064,140.0,66.0,973.72,chiapas,3,2,LPT,1
168,disjunctum_MD_482_A_a,disjunctum,13.972999999999999,8.622,94.618,0.497387819,1.620621666,0.49260247,135.0,70.0,973.72,chiapas,3,2,LPT,1
169,disjunctum_MD_698_A_a,disjunctum,22.393,10.513,184.894,0.501496003,2.130029487,0.50684821,114.0,53.0,973.72,chiapas,3,2,LPT,1
170,K000573711_A,fuscum,7.593,3.362,20.046,0.460950876,2.258477097,0.0,86.0,55.0,4.97,oaxaca,1,1,IGE,0
171,fuscum_G_J_Martin_623_C,fuscum,8.738,4.247,29.147,0.508125429,2.0574523190000003,0.0,114.0,75.0,4.97,oaxaca,1,1,IGE,0
172,hartwegii_totontepec_2_DSCN7489_a,fuscum,10.216000000000001,5.752000000000001,46.153,0.5090054820000001,1.776077886,0.0,97.0,67.0,4.97,oaxaca,1,1,IGE,0
173,fuscum  Img0069.TIF_A,fuscum,13.215,5.981,62.078,0.307150965,2.20949674,0.0,135.983,40.887,4.97,oaxaca,1,1,IGE,0
174,fuscum Img0071.TIF_Edwards_603_A,fuscum,10.751,5.437,45.908,0.416798437,1.97737723,0.0,137.795,43.175,4.97,oaxaca,1,1,IGE,0
175,fuscum Img0065.TIF_Edwards_604_A,fuscum,10.01,6.032,47.424,0.557742258,1.659482759,0.0,122.32600000000001,31.983,4.97,oaxaca,1,1,IGE,0
176,fuscum Img0117.TIF_hartwegii_totontepec_10_B,fuscum,10.748,4.711,39.768,0.5587085970000001,2.281468903,0.0,120.904,27.851999999999997,4.97,oaxaca,1,1,IGE,0
177,fuscum Img0111.TIF_hartwegii_totontepec_9_A,fuscum,8.738,2.888,19.82,0.440833143,3.0256232689999996,0.0,58.82899999999999,19.391,4.97,oaxaca,1,1,IGE,0
178,fuscum Img0062.TIF_Edwards_605_C,fuscum,5.989,3.8369999999999997,18.048,0.506261479,1.560854835,0.0,117.361,67.38,4.97,oaxaca,1,1,IGE,0
179,hartwegii_totontepec_1_DSCN7411_a,fuscum,10.929,5.473,46.98,0.490438283,1.996893842,0.05527916,143.0,62.0,4.97,oaxaca,1,1,IGE,0
180,fuscum_R_Torres_10425_A_a,fuscum,8.581,3.799,25.605,0.478965156,2.258752303,0.065677131,93.0,54.0,4.97,oaxaca,1,1,IGE,0
181,fuscum_R_L_Luna_486_A,fuscum,7.9879999999999995,4.689,29.421999999999997,0.505758638,1.703561527,0.071123755,103.0,83.0,4.97,oaxaca,1,1,IGE,0
182,hallii_M_Penafiel_110_A,hallii,8.555,5.126,34.438,0.506136762,1.668942645,0.0,116.0,90.0,107.07,ec_col,2,1,IGE,0
183,hallii2.jpg,hallii,8.924,5.456,38.242,0.462236665,1.6356304990000001,0.032023569,156.44799999999998,44.291000000000004,107.07,ec_col,2,1,IGE,0
184,hallii3.jpg,hallii,7.391,2.23,12.946,0.632796645,3.3143497760000002,0.045475216,61.836999999999996,50.535,107.07,ec_col,2,1,IGE,0
185,hallii_V_Zak_2563_A,hallii,6.631,3.4760000000000004,18.102999999999998,0.646961243,1.907652474,0.08881389,75.0,94.0,107.07,ec_col,2,1,IGE,0
186,hallii_M_Penafiel_226_B,hallii,6.2620000000000005,3.932,19.336,0.547748323,1.592573754,0.136301681,133.0,93.0,107.07,ec_col,2,1,IGE,0
187,M_Acosta_Solis_14621_B,hallii,4.966,3.452,13.460999999999999,0.467176802,1.4385863269999999,0.160978751,116.0,91.0,107.07,ec_col,2,1,IGE,0
188,H_Vargas_4152_A,hallii,7.029,3.2689999999999997,18.047,0.50789586,2.150198838,0.219307864,122.0,69.0,107.07,ec_col,2,1,IGE,0
189,hallii_W_Palacios_11815_A,hallii,8.588,3.7560000000000002,25.337,0.5973451329999999,2.2864749730000002,0.24835905600000002,108.0,75.0,107.07,ec_col,2,1,IGE,0
190,hallii4.jpg,hallii,5.3260000000000005,2.427,10.151,0.627487796,2.19447878,0.340271083,41.247,58.378,107.07,ec_col,2,1,IGE,0
191,hallii1.jpg,hallii,5.472,2.06,8.854,0.6493055560000001,2.65631068,0.8748906390000001,53.711000000000006,54.461999999999996,107.07,ec_col,2,1,IGE,0
192,hartwegii_MD_2_Ocosingo_Chiapas_2016,hartwegii,8.424,3.2739999999999996,21.663,0.398860399,2.572999389,0.0,105.0,45.0,4.97,chiapas,1,1,IGE,0
193,hartwegii_A_Molina_7828_A_a,hartwegii,7.952999999999999,3.62,22.61,0.416195146,2.196961326,0.0,128.0,48.0,4.97,chiapas,1,1,IGE,0
194,hartwegii_A_Molina_25003_A_a,hartwegii,10.745999999999999,3.8160000000000003,32.205,0.46528941,2.816037736,0.0,71.0,38.0,4.97,chiapas,1,1,IGE,0
195,hartwegii_E_Matuda_18099_A_b,hartwegii,10.6,4.115,34.258,0.517924528,2.575941677,0.0,119.0,58.0,4.97,chiapas,1,1,IGE,0
196,hartwegii_H_von_Turckheim_11679_A_b,hartwegii,7.481,3.592,21.105999999999998,0.48656596700000004,2.082683742,0.0,106.0,56.0,4.97,chiapas,1,1,IGE,0
197,hartwegii_J_Bequaert_2_A_a,hartwegii,14.464,6.917000000000001,78.582,0.423810841,2.091079948,0.0,116.0,50.0,4.97,chiapas,1,1,IGE,0
198,hartwegii_M_J_Huft_2362_A_b,hartwegii,8.312000000000001,3.3680000000000003,21.988000000000003,0.46198267600000004,2.467933492,0.0,88.0,44.0,4.97,chiapas,1,1,IGE,0
199,A_Skutch_896_D_a,hartwegii,9.711,5.84,44.541000000000004,0.440737308,1.6628424659999999,0.0,135.0,82.0,4.97,chiapas,1,1,IGE,0
200,Ghiesbreght_809_A_a,hartwegii,12.827,4.508,45.418,0.48335542200000003,2.84538598,0.0,89.0,48.0,4.97,chiapas,1,1,IGE,0
201,L_de_Ayarza_3972_A_a,hartwegii,10.450999999999999,3.911,32.1,0.48607788700000004,2.6722065969999997,0.0,81.0,48.0,4.97,chiapas,1,1,IGE,0
202,hartwegii_E_Ventura_2321_B_a,hartwegii,10.444,5.02,41.181000000000004,0.37820758299999996,2.080478088,0.0,117.0,59.0,4.97,chiapas,1,1,IGE,0
203,hartwegii_MD_3_Pueblo_Nuevo,hartwegii,13.373,4.5169999999999995,47.449,0.49727062,2.9605933139999996,0.023901716,101.0,44.0,4.97,chiapas,1,1,IGE,0
204,C_A_Purpus_7833_C_a,hartwegii,12.046,5.007,47.372,0.44164037899999997,2.405831835,0.025199707999999998,85.0,49.0,4.97,chiapas,1,1,IGE,0
205,E_Matuda_4054_A_b,hartwegii,9.338,3.9610000000000003,29.046999999999997,0.49796530299999997,2.357485483,0.031110972999999997,126.0,40.0,4.97,chiapas,1,1,IGE,0
206,hartwegii_D_Breedlove_14088_B_a,hartwegii,7.505,3.3739999999999997,19.886,0.482345103,2.2243627740000003,0.039439953,98.0,53.0,4.97,chiapas,1,1,IGE,0
207,D_E_Breedlove_21375_A_a,hartwegii,12.583,4.1739999999999995,41.247,0.478423269,3.014614279,0.050130339,141.0,56.0,4.97,chiapas,1,1,IGE,0
208,"hartwegii_MD_4_Tenejapa,_Chiapas_2016",hartwegii,7.711,2.8939999999999997,17.523,0.525223706,2.664478231,0.086214329,92.0,60.0,4.97,chiapas,1,1,IGE,0
209,hartwegii_lagos_1_DSCN7768_a,hartwegii,11.004000000000001,3.696,31.947,0.410759724,2.977272727,0.087178891,105.0,43.0,4.97,chiapas,1,1,IGE,0
210,hartwegii_MD_5_Tenejapa_Chiapas_2016,hartwegii,9.605,4.119,31.072,0.399791775,2.331876669,0.098713435,115.0,53.0,4.97,chiapas,1,1,IGE,0
211,hartwegii_A_Molina_26454_A_a,hartwegii,10.221,4.718,37.872,0.44124841,2.166384061,0.11516425300000001,93.0,52.0,4.97,chiapas,1,1,IGE,0
212,hartwegii_MD_1_Amatenango_Chiapas_2016,hartwegii,9.716000000000001,3.636,27.747,0.39728283200000003,2.6721672169999997,0.130378096,128.0,44.0,4.97,chiapas,1,1,IGE,0
213,hartwegii_D_Breedlove_13010_B_b,hartwegii,6.864,3.1510000000000002,16.987000000000002,0.515734266,2.1783560769999997,0.131222115,96.0,60.0,4.97,chiapas,1,1,IGE,0
214,hirsutum Huatla.MJD.2017.jpg,hirsutum,12.044,9.559,90.42299999999999,0.396878114,1.259964431,0.22675737,118.536,43.157,973.72,east_mexico,3,2,D,0
215,hirsutum huatla -- from Totontepec MJD 006 DSCN5155.jpg,hirsutum,8.479,5.257000000000001,35.007,0.398749853,1.61289709,0.405045712,118.794,28.673000000000002,107.07,east_mexico,2,1,D,0
216,Img0087.TIF_huatla_6_B,hirsutum,8.684,7.841,53.48,0.307461999,1.1075117970000001,0.558645032,121.899,56.085,973.72,east_mexico,3,2,D,0
217,hirsutum Huatla 2.DSCN5487.jpg,hirsutum,9.294,7.516,54.864,0.308155799,1.236562001,0.5909874420000001,169.032,25.662,973.72,east_mexico,3,2,D,0
218,Img0132.TIF_PWS_3206_B,hirsutum,9.135,7.98,57.251999999999995,0.368253968,1.144736842,0.820361369,134.684,40.582,973.72,east_mexico,3,2,D,0
219,Img0126.TIF_PWS_3208_A,hirsutum,9.211,7.104,51.39,0.454782325,1.296593468,0.887260102,135.56,19.656,107.07,east_mexico,2,1,D,0
220,Img0132.TIF_PWS_3206_A,hirsutum,8.666,8.302999999999999,56.50899999999999,0.330948535,1.043719138,0.9045680690000001,173.67700000000002,34.864000000000004,973.72,east_mexico,3,2,D,0
221,Img0130.TIF_PWS_3207_A,hirsutum,9.298,6.752000000000001,49.302,0.550871155,1.37707346,1.10619469,107.65,29.721999999999998,107.07,east_mexico,2,1,D,0
222,Img0123.TIF_PWS_3208_B,hirsutum,9.117,5.392,38.61,0.537567182,1.690838279,1.120533782,155.779,25.590999999999998,107.07,east_mexico,2,1,D,0
223,Img0128.TIF_PWS_3207_B,hirsutum,9.221,6.876,49.794,0.360806854,1.341041303,1.258055972,167.125,23.74,107.07,east_mexico,2,1,D,0
244,P_Sweeney_1636_A,jamesonii,10.3,5.768,46.661,0.5504854370000001,1.785714286,0.0,206.0,162.0,973.72,ec_col,3,2,LPT,1
245,jamesonii_O_Rangel_2648_B_a,jamesonii,8.14,4.243,27.124000000000002,0.546683047,1.918453924,0.0,79.0,82.0,973.72,ec_col,3,2,LPT,1
246,P_Sweeney_1637_A,jamesonii,11.073,5.625,48.92,0.5048315720000001,1.968533333,0.188131585,124.0,79.0,973.72,ec_col,3,2,LPT,1
247,J_Cuatrecasas_19146_A,jamesonii,12.333,6.872999999999999,66.57600000000001,0.42893051200000004,1.79441292,0.22325959,168.0,67.0,973.72,ec_col,3,2,LPT,1
248,jamesonii_L_U_Uribe_5387_C_b,jamesonii,9.258,4.975,36.171,0.5389933029999999,1.860904523,0.28859103399999997,154.0,87.0,973.72,ec_col,3,2,LPT,1
249,P_Sweeney_1641_A,jamesonii,8.516,4.404,29.454,0.553076562,1.933696639,0.359982983,135.0,72.0,973.72,ec_col,3,2,LPT,1
250,G_Lezane_2316_A,jamesonii,5.874,3.467,15.997,0.5498808310000001,1.694260167,0.40052067700000005,129.0,83.0,973.72,ec_col,3,2,LPT,1
251,P_Sweeney_1640_A,jamesonii,7.206,4.232,23.951,0.524562864,1.702741021,0.49917444200000005,170.0,92.0,973.72,ec_col,3,2,LPT,1
252,P_Sweeney_1639_A,jamesonii,8.902999999999999,4.435,31.006999999999998,0.56385488,2.007440812,0.571044676,121.0,69.0,973.72,ec_col,3,2,LPT,1
253,J_Cuatrecasas_6166_A,jamesonii,7.7379999999999995,5.622999999999999,34.17,0.42129749299999997,1.3761337359999999,0.592561609,157.0,95.0,973.72,ec_col,3,2,LPT,1
254,jucundum_A_Mendez_G_7985_A,jucundum,10.092,7.182,56.926,0.411216805,1.4051796159999999,0.376005816,179.0,89.0,973.72,chiapas,3,2,LPT,1
255,jucundum_MD_357_A,jucundum,10.094,6.519,51.68,0.517138894,1.548396993,0.389539564,120.0,72.0,973.72,chiapas,3,2,LPT,1
256,jucundum_PWS_3071_A,jucundum,10.487,6.494,53.488,0.57118337,1.6148752690000001,0.47701539,116.0,86.0,973.72,chiapas,3,2,LPT,1
257,jucundum_A_Mendez_G_8667_A,jucundum,12.332,7.688,74.455,0.5197859229999999,1.6040582730000001,0.505976852,110.0,79.0,973.72,chiapas,3,2,LPT,1
258,CNHM_1637255_Aa,jucundum,15.88,12.959000000000001,161.623,0.523929471,1.225403195,0.507106535,171.0,83.0,973.72,chiapas,3,2,LPT,1
259,jucundum_D_Breedlove_12027_A_a,jucundum,11.017999999999999,7.346,63.57,0.528226538,1.4998638709999998,0.514817799,162.0,63.0,973.72,chiapas,3,2,LPT,1
260,jucundum_MD_273_A,jucundum,11.255,9.067,80.15,0.5828520660000001,1.241314658,0.518787519,188.0,98.0,973.72,chiapas,3,2,LPT,1
261,jucundum_MD_351_A,jucundum,12.304,7.695,74.36399999999999,0.53153446,1.598960364,0.5365732129999999,191.0,62.0,973.72,chiapas,3,2,LPT,1
262,jucundum_MD_352_A,jucundum,12.779000000000002,5.977,59.992,0.43821895299999997,2.138029112,0.545149262,139.0,59.0,973.72,chiapas,3,2,LPT,1
263,jucundum_MD_518_A,jucundum,12.068,9.943,94.238,0.42591978799999997,1.2137181940000001,0.54525627,175.0,74.0,973.72,chiapas,3,2,LPT,1
264,jucundum_MD_1__Huitepec_Chiapas_2016,jucundum,14.581,10.527000000000001,120.555,0.39640628200000005,1.385104968,0.559420999,167.0,77.0,973.72,chiapas,3,2,LPT,1
265,jucundum_A_Mendez_G_8731_A,jucundum,12.555,7.482,73.781,0.42134607700000004,1.678027265,0.565315707,159.0,68.0,973.72,chiapas,3,2,LPT,1
266,jucundum_D_Breedlove_10128_A_a,jucundum,11.183,7.945,69.779,0.542788161,1.407551919,0.629595485,190.0,72.0,973.72,chiapas,3,2,LPT,1
267,jucundum_MD_2350_A,jucundum,11.935,6.3020000000000005,59.071000000000005,0.479262673,1.893843224,0.637460708,122.0,51.0,973.72,chiapas,3,2,LPT,1
268,R_Laughlin_128_A,jucundum,11.657,6.55,59.966,0.62280175,1.779694656,0.651663915,93.0,77.0,973.72,chiapas,3,2,LPT,1
269,jucundum_A_Mendez_G_9189_B,jucundum,9.651,7.7170000000000005,58.494,0.547093565,1.250615524,0.681508405,182.0,95.0,973.72,chiapas,3,2,LPT,1
270,jucundum_PWS_3068_A,jucundum,8.222000000000001,5.997999999999999,38.733000000000004,0.513257115,1.3707902630000002,0.683751333,151.0,77.0,973.72,chiapas,3,2,LPT,1
271,A_Molina_21264_Aa,jucundum,15.432,11.302999999999999,136.995,0.384266459,1.3653012469999999,0.684432145,208.0,57.0,973.72,chiapas,3,2,LPT,1
272,jucundum_MD_308_A,jucundum,10.289000000000001,8.629,69.73100000000001,0.564680727,1.192374551,0.707001457,146.0,86.0,973.72,chiapas,3,2,LPT,1
273,jucundum_MD_225_A,jucundum,9.873,5.803,45.001000000000005,0.563152031,1.701361365,0.713575779,124.0,62.0,973.72,chiapas,3,2,LPT,1
274,E_Matuda_2925_A_a,jucundum,12.636,10.515,104.353,0.433681545,1.20171184,0.7161003220000001,171.0,86.0,973.72,chiapas,3,2,LPT,1
275,MO_746159_A,jucundum,12.92,10.484000000000002,106.384,0.547213622,1.232354063,0.7189914059999999,111.0,93.0,973.72,chiapas,3,2,LPT,1
276,jucundum_MD_2_Yashtinin_Chiapas_2015,jucundum,10.793,6.577999999999999,55.76,0.64764199,1.640772271,0.972811175,89.0,81.0,973.72,chiapas,3,2,LPT,1
277,lasiophyllum_kew_1041_B_a,lasiophyllum,8.441,4.907,32.533,0.35066935200000005,1.7201956390000002,0.0,197.0,81.0,973.72,e_col,3,2,LPT,1
278,lasiophyllum_C_Parra-O_563_A_a,lasiophyllum,10.741,6.132999999999999,51.743,0.660087515,1.751345182,0.28016698,112.0,108.0,973.72,e_col,3,2,LPT,1
279,lasiophyllum_Huertas_5113_A_b,lasiophyllum,8.593,5.42,36.578,0.6493657629999999,1.5854243540000001,0.322102686,114.0,87.0,973.72,e_col,3,2,LPT,1
280,lasiophyllum_L_U_Uribe_4125_A_a,lasiophyllum,12.049000000000001,6.212999999999999,58.792,0.446510084,1.939320779,0.40244147799999996,80.0,67.0,973.72,e_col,3,2,LPT,1
281,lasiophyllum_L_U_Uribe_4879_A_a,lasiophyllum,9.875,5.0569999999999995,39.22,0.614683544,1.952738778,0.415146932,101.0,78.0,973.72,e_col,3,2,LPT,1
282,lasiophyllum_R_Jaramillo_M_4702_A_a,lasiophyllum,10.356,5.132000000000001,41.746,0.518539977,2.017926734,0.454959054,100.0,103.0,973.72,e_col,3,2,LPT,1
283,J_Cuatrecasas_25852_A,lasiophyllum,9.88,4.436,34.427,0.523279352,2.22723174,0.466894278,70.0,73.0,973.72,e_col,3,2,LPT,1
284,P03268008_A,lasiophyllum,13.064,8.934,91.664,0.45698101700000004,1.462278934,0.479664235,157.0,99.0,973.72,e_col,3,2,LPT,1
285,P_Sweeney_2175_A,lasiophyllum,10.009,6.039,47.474,0.534518933,1.657393608,0.509861801,95.0,86.0,973.72,e_col,3,2,LPT,1
286,lasiophyllum_C_Parra-O_238_A_a,lasiophyllum,12.564,6.263999999999999,61.806000000000004,0.592168099,2.005747126,0.5380442089999999,91.0,77.0,973.72,e_col,3,2,LPT,1
287,P03268012_A,lasiophyllum,11.317,5.827999999999999,51.799,0.492179906,1.9418325330000001,0.7113125029999999,104.0,87.0,973.72,e_col,3,2,LPT,1
288,lautum_MD_2_Teopisca_Chiapas_2016,lautum,5.306,2.908,12.119000000000002,0.399547682,1.824621733,0.0,174.0,88.0,4.97,chiapas,1,1,SGE,0
289,CNHM_1630914_A,lautum,3.085,1.874,4.541,0.44408427899999997,1.646211313,0.0,156.0,74.0,4.97,chiapas,1,1,SGE,0
290,CNHM_1632581_A,lautum,3.657,1.9140000000000001,5.497000000000001,0.39649986299999995,1.9106583069999998,0.0,151.0,59.0,4.97,chiapas,1,1,SGE,0
291,MO_419399_A,lautum,3.65,1.814,5.2,0.652054795,2.0121278940000002,0.0,104.0,74.0,4.97,chiapas,1,1,SGE,0
292,lautum_A_Mendez_G_9178_D,lautum,1.0090000000000001,0.573,0.45399999999999996,0.515361744,1.760907504,0.0,107.0,65.0,4.97,chiapas,1,1,SGE,0
293,lautum_D_E_Breedlove_26156_C,lautum,3.952,2.093,6.495,0.50354251,1.8881987580000001,0.0,126.0,76.0,4.97,chiapas,1,1,SGE,0
294,lautum_D_E_Breedlove_40675_A,lautum,2.8089999999999997,1.84,4.06,0.466358135,1.526630435,0.0,139.0,92.0,4.97,chiapas,1,1,SGE,0
295,lautum_D_E_Breedlove_51786_B,lautum,2.616,1.62,3.3280000000000003,0.428134557,1.614814815,0.0,141.0,83.0,4.97,chiapas,1,1,SGE,0
296,lautum_T_B_Croat_40669_E,lautum,3.153,1.9280000000000002,4.776,0.52013955,1.635373444,0.0,115.0,91.0,4.97,chiapas,1,1,SGE,0
297,lautum_MD_285_C,lautum,2.414,1.8559999999999999,3.5180000000000002,0.472245236,1.3006465520000001,0.0,157.0,87.0,4.97,chiapas,1,1,SGE,0
298,lautum_MD_286_A,lautum,2.969,1.639,3.821,0.40417649,1.811470409,0.0,127.0,74.0,4.97,chiapas,1,1,SGE,0
299,lautum_MD_289_A,lautum,4.971,2.627,10.257,0.52705693,1.892272554,0.0,119.0,74.0,4.97,chiapas,1,1,SGE,0
300,lautum_MD_363_A,lautum,3.597,2.535,7.16,0.46705588,1.418934911,0.0,133.0,86.0,4.97,chiapas,1,1,SGE,0
301,lautum_MD_474_B,lautum,6.317,2.6830000000000003,13.311,0.59047016,2.354453969,0.0,87.0,62.0,4.97,chiapas,1,1,SGE,0
302,MO_187679_A,lautum,5.114,2.86,11.485999999999999,0.43605788,1.7881118880000002,0.055248619000000006,147.0,64.0,4.97,chiapas,1,1,SGE,0
303,lautum_MD_567_B,lautum,2.82,1.395,3.09,0.517730496,2.021505376,0.10708931199999999,127.0,67.0,4.97,chiapas,1,1,SGE,0
304,lautum_MD_284_A,lautum,5.642,2.655,11.767999999999999,0.453739809,2.125047081,0.11163829199999999,145.0,65.0,4.97,chiapas,1,1,SGE,0
305,lautum_MD_350_A,lautum,4.553999999999999,2.265,8.1,0.500658762,2.010596026,0.128509927,89.0,71.0,4.97,chiapas,1,1,SGE,0
306,lautum_MD_270_A,lautum,4.593,1.8159999999999998,6.55,0.596559983,2.529185022,0.13536379,85.0,59.0,4.97,chiapas,1,1,SGE,0
307,Ghiesbreght_517_C_b,lautum,4.124,2.178,7.053999999999999,0.436469447,1.8934802569999998,0.144654998,156.0,65.0,4.97,chiapas,1,1,SGE,0
308,lautum_MD_2346_A,lautum,4.0,2.4219999999999997,7.61,0.4575,1.6515276630000002,0.14853323400000001,156.0,87.0,4.97,chiapas,1,1,SGE,0
309,CNHM_167704_A,lautum,5.781000000000001,3.0789999999999997,13.979000000000001,0.475696246,1.877557649,0.194979283,126.0,62.0,4.97,chiapas,1,1,SGE,0
310,lautum_MD_1_Moxviquil_Chiapas_2016,lautum,7.37,4.387,25.395,0.423337856,1.6799635290000001,0.24113817199999998,194.0,83.0,4.97,chiapas,1,1,SGE,0
311,lautum_MD_3_Belen_Chiapas_2015,lautum,5.976,3.59,16.852,0.49531459200000005,1.664623955,0.377020595,161.0,79.0,4.97,chiapas,1,1,SGE,0
312,MO_746165_A,loeseneri,3.658,1.4769999999999999,4.243,0.399125205,2.476641842,0.0,89.0,47.0,107.07,central_mex,2,1,D,0
313,loesnerii_R_Torres_C_318_A,loeseneri,2.2319999999999998,1.625,2.8480000000000003,0.45698924700000004,1.373538462,0.115566855,223.0,70.0,107.07,central_mex,2,1,D,0
314,loesnerii_M_Huerta_M_97_A,loeseneri,3.733,1.839,5.391,0.455397803,2.029907558,0.15801532699999998,99.0,54.0,107.07,central_mex,2,1,D,0
315,loeseneri_W_C_Leavenworth_523_A_a,loeseneri,2.261,1.4340000000000002,2.546,0.406899602,1.576708508,0.24434942,200.0,85.0,107.07,central_mex,2,1,D,0
316,HUH_00266680_B,loeseneri,3.214,2.18,5.502999999999999,0.435594275,1.4743119269999998,0.493258796,157.0,69.0,107.07,central_mex,2,1,D,0
317,MO_746162_C,loeseneri,3.158,1.7309999999999999,4.293,0.379987334,1.8243789719999999,0.641436818,147.0,60.0,973.72,central_mex,3,1,D,0
318,W_Leavenworth_646_A,loeseneri,3.267,2.2230000000000003,5.702999999999999,0.45913682299999997,1.469635628,0.684287058,155.0,76.0,107.07,central_mex,2,1,D,0
319,loeseneri_W_A_Eggler_21_C,loeseneri,2.5610000000000004,1.286,2.5860000000000003,0.48809059,1.991446345,0.924534843,135.0,56.0,973.72,central_mex,3,2,D,0
320,loeseneri_M_E_Jones_121_C,loeseneri,4.442,2.363,8.242,0.46600630299999996,1.8798137959999999,0.935628743,204.0,57.0,107.07,central_mex,2,1,D,0
321,P03319301_A,loeseneri,2.575,1.521,3.077,0.45048543700000004,1.692965155,1.624431449,173.0,58.0,107.07,central_mex,2,1,D,0
322,Img0035.jpg_EE_607_B,membranaceum,8.792,3.905,26.967,0.43198362100000004,2.251472471,0.344204457,88.962,42.901,4.97,oaxaca,1,1,D,0
323,Img0035.jpg_EE_607_A,membranaceum,8.987,3.855,27.21,0.489818627,2.331258106,0.348233506,86.934,42.177,4.97,oaxaca,1,1,D,0
324,Img0034.jpg_EE_606_A,membranaceum,4.916,3.295,12.724,0.643409276,1.4919575109999998,0.371011625,119.381,52.909,107.07,oaxaca,2,1,D,0
325,membranaceum Oaxaca Mirador.DSCN9406_B,membranaceum,9.461,5.541,41.176,0.672339076,1.707453528,0.38898863,153.67700000000002,59.297,4.97,oaxaca,1,1,D,0
326,stenocalyx_mirador_1_DSCN7512_a,membranaceum,9.262,3.8680000000000003,28.136999999999997,0.456704815,2.394519131,0.401652513,84.0,47.0,4.97,oaxaca,1,1,D,0
327,membranaceum Oaxaca Mirador.DSCN9406_A,membranaceum,8.378,4.334,28.52,0.6037240389999999,1.933087217,0.408563491,142.125,55.239,4.97,oaxaca,1,1,D,0
328,Img0034.jpg_EE_606_B,membranaceum,4.822,3.888,14.725999999999999,0.525300705,1.240226337,0.45255694700000004,146.933,130.469,107.07,oaxaca,2,1,D,0
329,Img0034.jpg_EE_606_C,membranaceum,5.242000000000001,2.659,10.948,0.411102633,1.971417826,0.516395559,92.49,40.806999999999995,107.07,oaxaca,2,1,D,0
330,microcarpum_MD_1_Honey_Puebla_2016,microcarpum,13.47,12.443,131.643,0.48775055700000003,1.082536366,0.420337615,182.0,111.0,4466.34,east_mexico,4,2,LPT,1
331,microcarpum_J_L_Contreras_J_5090_B,microcarpum,10.974,7.803999999999999,67.26,0.517587024,1.406201948,0.495495495,177.0,84.0,4466.34,east_mexico,4,2,LPT,1
332,microcarpum_MD_32_A,microcarpum,11.741,11.084000000000001,102.209,0.490588536,1.05927463,0.579586948,240.0,92.0,4466.34,east_mexico,4,2,LPT,1
333,microcarpum_L_C_Onofre_3518_A,microcarpum,10.272,8.267000000000001,66.69800000000001,0.443925234,1.242530543,0.613496933,160.0,77.0,4466.34,east_mexico,4,2,LPT,1
334,M_Chazaro_1474_A,microcarpum,10.559000000000001,8.054,66.789,0.499100294,1.311025577,0.656863161,192.0,76.0,4466.34,east_mexico,4,2,LPT,1
335,microcarpum_C_Ceron_1168_A,microcarpum,10.857999999999999,7.176,61.199,0.617056548,1.51309922,0.682097222,156.0,82.0,4466.34,east_mexico,4,2,LPT,1
336,microcarpum_J_L_Contreras_J_9531_A,microcarpum,10.294,7.2170000000000005,58.351000000000006,0.574120847,1.426354441,0.7450911640000001,139.0,92.0,4466.34,east_mexico,4,2,LPT,1
337,microcarpum_MD_33_A,microcarpum,10.645,9.077,75.884,0.508219822,1.172744299,0.7514438459999999,210.0,87.0,4466.34,east_mexico,4,2,LPT,1
338,microcarpum_A_J_Coombes_1233_A,microcarpum,10.008,7.907,62.15,0.592525979,1.2657139240000002,0.8180943209999999,161.0,99.0,4466.34,east_mexico,4,2,LPT,1
339,microcarpum_A_J_Coombes_1493_A,microcarpum,9.105,7.272,52.001000000000005,0.587589237,1.252062706,0.8358942840000001,224.0,104.0,4466.34,east_mexico,4,2,LPT,1
340,microcarpum_J_L_Contreras_J_4764_A,microcarpum,11.368,9.29,82.947,0.551548205,1.223681378,0.8608701409999999,179.0,109.0,4466.34,east_mexico,4,2,LPT,1
341,DSCN3697_A,microcarpum,10.474,7.933,65.259,0.480236777,1.320307576,0.872264032,201.0,85.0,4466.34,east_mexico,4,2,LPT,1
342,R_Ortega_60_Aa,microcarpum,6.704,6.2589999999999995,32.952,0.40274463,1.0710976190000001,0.94621818,154.0,89.0,4466.34,east_mexico,4,2,LPT,1
343,L_Nevling_1047_A,microcarpum,8.094,7.834,49.802,0.46948356799999996,1.033188665,0.947940152,165.0,98.0,4466.34,east_mexico,4,2,LPT,1
344,G_Diggs_2864_A,microcarpum,10.262,8.921,71.896,0.56519197,1.150319471,0.9500686159999999,158.0,111.0,4466.34,east_mexico,4,2,LPT,1
345,microcarpum_J_L_Contreras_J_5345_A,microcarpum,7.847,6.415,39.536,0.522492672,1.223226812,0.9875969440000001,155.0,90.0,4466.34,east_mexico,4,2,LPT,1
346,R_Hernandez_1544_A,microcarpum,11.05,8.649,75.063,0.558371041,1.277604347,1.0374041840000001,153.0,93.0,4466.34,east_mexico,4,2,LPT,1
347,microcarpum_A_J_Coombes_1266_B,microcarpum,11.025,10.068,87.178,0.48526077100000004,1.095053635,1.149494827,178.0,110.0,4466.34,east_mexico,4,2,LPT,1
348,microcarpum_J_L_Contreras_J_5470_A,microcarpum,8.227,7.31,47.233000000000004,0.461893764,1.125444596,1.209422501,186.0,90.0,4466.34,east_mexico,4,2,LPT,1
349,M_Zola_Baez_323_A,microcarpum,6.936,6.494,35.376999999999995,0.534890427,1.068062827,1.211142511,148.0,102.0,4466.34,east_mexico,4,2,LPT,1
350,HUH_00266683_A,microcarpum,8.953,7.617000000000001,53.556999999999995,0.540600916,1.175397138,1.215906924,194.0,107.0,4466.34,east_mexico,4,2,LPT,1
351,K0005736898_Ab,microcarpum,6.584,7.8420000000000005,40.55,0.449574727,0.8395817390000001,1.3323516009999998,149.0,111.0,4466.34,east_mexico,4,2,LPT,1
352,CNHM_1254059_A,microphyllum,7.551,3.009,17.846,0.584028605,2.509471585,0.0,79.0,50.0,4.97,central_mex,1,1,SGE,0
353,E00259170_B,microphyllum,4.997,2.877,11.289000000000001,0.5383229939999999,1.7368786930000002,0.0,94.0,65.0,4.97,central_mex,1,1,SGE,0
354,microphyllum_J_N_Labat_800_A_a,microphyllum,3.292,1.6469999999999998,4.258,0.492102066,1.998785671,0.0,78.0,61.0,4.97,central_mex,1,1,SGE,0
355,microphyllum_J_Rees_A,microphyllum,5.897,3.511,16.262999999999998,0.534169917,1.679578468,0.0,123.0,99.0,4.97,central_mex,1,1,SGE,0
356,microphyllum_MD_2491_C,microphyllum,4.245,1.745,5.82,0.45229682,2.432664756,0.0,85.0,42.0,4.97,central_mex,1,1,SGE,0
357,microphyllum_MD_2492_A,microphyllum,6.334,2.262,11.252,0.489422166,2.800176835,0.0,133.0,37.0,4.97,central_mex,1,1,SGE,0
358,microphyllum2.jpg,microphyllum,6.0760000000000005,2.822,13.465,0.42034233,2.15308292,0.0,122.315,37.836999999999996,4.97,central_mex,1,1,SGE,0
359,microphyllum_R_McVaugh_10026_A,microphyllum,5.341,3.2110000000000003,13.469000000000001,0.453098671,1.663344752,0.052929656,138.0,73.0,4.97,central_mex,1,1,SGE,0
360,microphyllum1.jpg,microphyllum,4.522,2.7889999999999997,9.905,0.44714728,1.621369667,0.0,129.769,69.737,4.97,central_mex,1,1,SGE,0
361,microphyllum_H_Diaz-Barriga_1751_A,microphyllum,4.691,2.657,9.789,0.573438499,1.765525028,0.063649672,109.0,107.0,4.97,central_mex,1,1,SGE,0
362,CNHM_1510556_A,microphyllum,8.722000000000001,2.859,19.583,0.42421463,3.050717034,0.072280448,72.0,40.0,4.97,central_mex,1,1,SGE,0
363,Chachapoyas_2116_C_a,new_name_1,6.007000000000001,3.097,14.61,0.546029632,1.939618986,0.0,80.0,100.0,4.97,ec_peru,1,1,SGE,0
364,P_Sweeney_1772_A,new_name_1,6.567,3.892,20.076,0.502512563,1.6873072969999998,0.0,112.0,82.0,107.07,ec_peru,2,1,SGE,0
365,P_Sweeney_1780_B,new_name_1,8.221,4.93,31.831,0.548595061,1.667545639,0.034092459,112.0,74.0,107.07,ec_peru,2,1,SGE,0
366,triphyllum_B_Sparre_16256_B_b,new_name_1,4.976,2.062,8.058,0.552652733,2.413191077,0.062027044,95.0,74.0,4.97,ec_peru,1,1,SGE,0
367,P_Sweeney_1775_A,new_name_1,7.327999999999999,3.403,19.588,0.435316594,2.153394064,0.125649187,104.0,63.0,107.07,ec_peru,2,1,SGE,0
368,P_Sweeney_1773_A,new_name_1,7.766,3.693,22.523000000000003,0.526654648,2.1028973730000002,0.15253203199999998,101.0,76.0,107.07,ec_peru,2,1,SGE,0
369,K000573671_A,new_name_1,6.776,2.952,15.71,0.5445690670000001,2.295392954,0.219461879,107.0,71.0,107.07,ec_peru,2,1,SGE,0
370,H_Vargas_4128_B,new_name_1,4.092,1.5659999999999998,5.034,0.496089932,2.61302682,0.220523375,93.0,53.0,4.97,ec_peru,1,1,SGE,0
371,P_Sweeney_1774_A,new_name_1,6.529,3.2110000000000003,16.463,0.485526114,2.033322952,0.257986843,107.0,63.0,107.07,ec_peru,2,1,SGE,0
372,H_Vargas_4106_D,new_name_1,4.5360000000000005,1.895,6.75,0.5202821870000001,2.393667546,0.267665953,71.0,60.0,4.97,ec_peru,1,1,SGE,0
373,seemenii_2,new_name_2,4.374,1.3840000000000001,4.754,0.457247371,3.160404624,0.0,89.0,43.0,4.97,peru_bol,1,1,SGE,0
374,seemenii_5,new_name_2,7.372000000000001,1.9140000000000001,11.08,0.459848074,3.851619645,0.0,40.0,39.0,4.97,peru_bol,1,1,SGE,0
375,HUH_00266692_A2b,new_name_2,5.524,1.69,7.332000000000001,0.45076031899999996,3.2686390530000002,0.0,67.0,33.0,4.97,peru_bol,1,1,SGE,0
376,PWS_3894_a,new_name_2,5.755,1.4969999999999999,6.768,0.535186794,3.844355377,0.0,44.0,36.0,4.97,peru_bol,1,1,SGE,0
377,PWS_3899_B_ab,new_name_2,7.718,2.9789999999999996,18.055,0.5079036020000001,2.590802283,0.0,82.0,43.0,4.97,peru_bol,1,1,SGE,0
378,PWS_3913_A_b,new_name_2,4.731,2.229,8.285,0.5136334810000001,2.122476447,0.0,75.0,57.0,4.97,peru_bol,1,1,SGE,0
379,PWS_3900_ab,new_name_2,7.6370000000000005,3.37,20.214000000000002,0.441272751,2.266172107,0.039535068,96.0,44.0,4.97,peru_bol,1,1,SGE,0
380,PWS_3895_ab,new_name_2,7.468,2.792,16.375999999999998,0.524906267,2.6747851000000002,0.041262637000000005,58.0,46.0,4.97,peru_bol,1,1,SGE,0
381,seemenii_1,new_name_2,4.641,1.646,5.997999999999999,0.45033398,2.819562576,0.059941258,67.0,37.0,4.97,peru_bol,1,1,SGE,0
382,PWS_3898_B_ab,new_name_2,5.249,1.935,7.979,0.41341207799999996,2.7126614989999998,0.06243366400000001,105.0,43.0,4.97,peru_bol,1,1,SGE,0
383,seemenii_4,new_name_2,6.12,2.3209999999999997,11.155,0.467320261,2.636794485,0.103364515,89.0,52.0,4.97,peru_bol,1,1,SGE,0
384,seemenii_3,new_name_2,5.095,2.181,8.726,0.38861629,2.336084365,0.11808466699999999,142.0,43.0,4.97,peru_bol,1,1,SGE,0
385,PWS_3896_a,new_name_2,6.607,2.274,11.797,0.508551536,2.905452946,0.146312915,52.0,43.0,4.97,peru_bol,1,1,SGE,0
386,sulcatum_MD_190_B,new_sp_1,7.849,4.86,29.963,0.45738310600000004,1.615020576,0.036523009,134.0,92.0,4466.34,oaxaca,4,2,LPT,1
387,sulcatum_mirador_1_DSCN7563_a,new_sp_1,11.965,6.4110000000000005,60.25,0.453823652,1.8663235059999999,0.09388789800000001,99.0,55.0,4466.34,oaxaca,4,2,LPT,1
388,sulcatum_MD_22_A,new_sp_1,9.149,4.717,33.898,0.5235544870000001,1.939580242,0.096827292,146.0,62.0,4466.34,oaxaca,4,2,LPT,1
389,sulcatum_PWS_3052_A,new_sp_1,7.732,4.417,26.823,0.516037248,1.750509396,0.110476892,141.0,67.0,4466.34,oaxaca,4,2,LPT,1
390,sulcatum_MD_209_2A,new_sp_1,10.195,5.667999999999999,45.388000000000005,0.49534085299999997,1.798694425,0.142283942,159.0,68.0,4466.34,oaxaca,4,2,LPT,1
391,sulcatum_MD_24_A,new_sp_1,7.851,3.8360000000000003,23.658,0.5489746529999999,2.046663191,0.186943842,124.0,59.0,4466.34,oaxaca,4,2,LPT,1
392,sulcatum_MD_115_A,new_sp_1,11.202,5.9270000000000005,52.144,0.542760221,1.889994938,0.228879508,164.0,65.0,4466.34,oaxaca,4,2,LPT,1
393,sulcatum_MD_213_2A,new_sp_1,10.187000000000001,4.906000000000001,39.254,0.49867478200000004,2.076437016,0.231173785,104.0,54.0,4466.34,oaxaca,4,2,LPT,1
394,sulcatum_PWS_3053_B,new_sp_1,8.36,4.229,27.767,0.447368421,1.9768266730000001,0.298445101,184.0,62.0,4466.34,oaxaca,4,2,LPT,1
395,sulcatum_MD_2466_A,new_sp_1,7.551,2.978,17.659000000000002,0.615812475,2.535594359,0.38494439700000005,152.0,49.0,4466.34,oaxaca,4,2,LPT,1
396,sulcatum_MD_1_Mirador_2015,new_sp_1,12.206,6.575,63.028999999999996,0.464525643,1.856425856,0.385004091,142.0,67.0,4466.34,oaxaca,4,2,LPT,1
397,sulcatum_PWS_3056_A,new_sp_1,6.584,4.5360000000000005,23.451999999999998,0.487545565,1.451499118,0.48853967299999995,148.0,49.0,4466.34,oaxaca,4,2,LPT,1
398,2 fuscum_J_R_Reyes_855_A,new_sp_2,12.237,5.2010000000000005,49.988,0.487047479,2.352816766,0.0,94.0,53.0,107.07,oaxaca,2,1,IGE,0
399,fuscum_J_R_Reyes_911_A,new_sp_2,8.657,3.037,20.653000000000002,0.5486889220000001,2.850510372,0.112355342,113.0,67.0,107.07,oaxaca,2,1,IGE,0
400,fuscum_J_R_Reyes_120_A,new_sp_2,8.78,4.746,32.73,0.48405467,1.84997893,0.19501413899999998,130.0,61.0,107.07,oaxaca,2,1,IGE,0
401,fuscum_totontepec_1_DSCN7397_a,new_sp_2,13.290999999999999,5.818,60.732,0.36265141799999995,2.2844620140000003,0.023241221,250.0,54.0,107.07,oaxaca,2,1,IGE,0
402,fuscum old concept totontepec Oaxaca.DSCN5267.jpeg_A,new_sp_2,10.835,6.058,51.553000000000004,0.454545455,1.788544074,0.026147208999999998,175.87,39.866,107.07,oaxaca,2,1,IGE,0
403,fuscum old concept totontepec Oaxaca.DSCN5267.jpeg_B,new_sp_2,11.697000000000001,5.638,51.8,0.46849619600000003,2.074671869,0.026721535,110.57,51.08,107.07,oaxaca,2,1,IGE,0
404,new species (former fuscum) 2 DSCN0855.jpg,new_sp_2,8.31,4.62,30.151999999999997,0.516486161,1.798701299,0.0,80.95100000000001,88.79299999999999,107.07,oaxaca,2,1,IGE,0
405,fuscum_mirador_1_DSCN7545_a,new_sp_2,7.477,3.6639999999999997,21.515,0.43199144,2.040665939,0.03765202,92.0,47.0,107.07,oaxaca,2,1,IGE,0
406,new species (former fuscum) DSCN0806.jpg,new_sp_2,6.64,3.2969999999999997,17.192,0.452710843,2.013952078,0.0,134.491,18.132,107.07,oaxaca,2,1,IGE,0
407,YU_101629_A,new_sp_2,7.803,4.66,28.563000000000002,0.389593746,1.6744635190000001,0.137959578,130.0,50.0,107.07,oaxaca,2,1,IGE,0
408,fuscum_MD_1_Mirador_2015,new_sp_2,12.083,4.774,45.309,0.44939170700000003,2.531001257,0.15000375,131.0,37.0,107.07,oaxaca,2,1,IGE,0
409,YU_101633_A,new_sp_2,6.6160000000000005,3.2710000000000004,16.999000000000002,0.376360339,2.022623051,0.165241459,123.0,49.0,107.07,oaxaca,2,1,IGE,0
410,fuscum_MD_2_Mirador_2015,new_sp_2,10.294,4.566,36.913000000000004,0.37886147299999995,2.254489707,0.26392187899999997,135.0,44.0,107.07,oaxaca,2,1,IGE,0
411,fuscum_J_R_Reyes_856_A,new_sp_2,6.374,3.1830000000000003,15.934000000000001,0.550674616,2.002513352,0.046048995999999995,82.0,61.0,107.07,oaxaca,2,1,IGE,0
412,obtusatum_MD_1_Zonetehuitz_Chiapas_2016,obtusatum,3.8510000000000004,2.044,6.183,0.45702415,1.8840508809999998,0.0,147.0,103.0,4.97,chiapas,1,1,SGE,0
413,D_Breedlove_9077_A,obtusatum,5.244,2.222,9.154,0.39282990100000004,2.360036004,0.0,132.0,51.0,4.97,chiapas,1,1,SGE,0
414,"obtusatum_MD_2_Zontehuitz,_Chiapas_2015",obtusatum,6.206,2.6260000000000003,12.8,0.459233,2.363290175,0.0,137.0,51.0,4.97,chiapas,1,1,SGE,0
415,obtusatum_D_E_Breedlove_40924_C,obtusatum,3.173,1.39,3.464,0.520012606,2.282733813,0.0,82.0,70.0,4.97,chiapas,1,1,SGE,0
416,obtusatum_D_E_Breedlove_53579_A,obtusatum,2.958,1.389,3.2260000000000004,0.463150778,2.129589633,0.0,98.0,102.0,4.97,chiapas,1,1,SGE,0
417,obtusatum_MD_331_A,obtusatum,3.3539999999999996,1.6880000000000002,4.447,0.450208706,1.986966825,0.0,133.0,53.0,4.97,chiapas,1,1,SGE,0
418,obtusatum_MD_2359_C,obtusatum,3.427,1.7519999999999998,4.7139999999999995,0.443536621,1.956050228,0.0,127.0,57.0,4.97,chiapas,1,1,SGE,0
419,obtusatum_MD_2422_A,obtusatum,3.57,1.913,5.3629999999999995,0.45378151299999997,1.8661787769999998,0.0,109.0,68.0,4.97,chiapas,1,1,SGE,0
420,obtusatum_D_E_Breedlove_8118_B,obtusatum,3.9410000000000003,2.1919999999999997,6.785,0.456736869,1.79790146,0.0,114.0,61.0,4.97,chiapas,1,1,SGE,0
421,Img0080.TIF_huatla_4_A,obtusatum,5.609,2.355,10.373,0.559992869,2.3817409769999998,0.0,93.334,28.386,4.97,chiapas,1,1,SGE,0
422,P_Sweeney_1670_A,pichinchense,5.193,3.147,12.833,0.479491623,1.6501429930000002,0.0,137.0,76.0,973.72,ec_col,3,2,LPT,1
423,P_Sweeney_1671_A,pichinchense,11.102,4.765,41.547,0.48820032399999996,2.329905561,0.0,104.0,64.0,973.72,ec_col,3,2,LPT,1
424,pichinchense_Frutillas_889_B_a,pichinchense,7.056,3.6260000000000003,20.096,0.463435374,1.945945946,0.0,103.0,75.0,973.72,ec_col,3,2,LPT,1
425,pichinchense_P_Franco_3102_A_b,pichinchense,11.809000000000001,5.456,50.604,0.46235921799999996,2.1644061580000002,0.0,120.0,60.0,973.72,ec_col,3,2,LPT,1
426,pichinchense_P_M_Jorgensen_65499_A,pichinchense,9.636000000000001,4.492,33.997,0.49916978,2.145146928,0.0,110.0,59.0,973.72,ec_col,3,2,LPT,1
427,pichinchense_P_M_Jorgensen_92441_A,pichinchense,8.993,6.252000000000001,44.161,0.493717336,1.438419706,0.0,109.0,89.0,973.72,ec_col,3,2,LPT,1
428,pichinchense_P_M_Jorgensen_92558_A,pichinchense,8.291,5.44,35.427,0.478832469,1.5240808819999998,0.067437704,168.0,98.0,973.72,ec_col,3,2,LPT,1
429,HUH_00266689_A,pichinchense,7.31,4.458,25.595,0.43228454200000005,1.6397487659999999,0.069565217,164.0,96.0,973.72,ec_col,3,2,LPT,1
430,pichinchense_M_P_Galeano_453_D_b,pichinchense,9.117,5.416,38.784,0.334539871,1.6833456430000002,0.121769308,154.0,83.0,973.72,ec_col,3,2,LPT,1
431,pichinchense_M_C_Velez_1712_A_b,pichinchense,13.823,6.06,65.795,0.38703609899999997,2.281023102,0.123846678,140.0,46.0,973.72,ec_col,3,2,LPT,1
432,V_Zak_1935_A,pichinchense,9.642999999999999,4.248,32.174,0.467696775,2.2700094159999997,0.123885035,151.0,62.0,973.72,ec_col,3,2,LPT,1
433,A_Gentry_14371_A,pichinchense,13.17,7.331,75.828,0.47532270299999996,1.796480698,0.132896252,145.0,75.0,973.72,ec_col,3,2,LPT,1
434,E_Gudino_207_A,pichinchense,8.557,5.132000000000001,34.491,0.578473764,1.667381138,0.133918109,110.0,79.0,973.72,ec_col,3,2,LPT,1
435,K000573686_A,pichinchense,8.443,4.649,30.826,0.486793794,1.816089482,0.13713188699999998,129.0,71.0,973.72,ec_col,3,2,LPT,1
436,P_Sweeney_1672_A,pichinchense,7.712999999999999,3.1630000000000003,19.158,0.5069363410000001,2.438507746,0.204808913,88.0,64.0,973.72,ec_col,3,2,LPT,1
437,F_Roldan_118_A,pichinchense,8.732999999999999,4.123,28.281999999999996,0.44200160299999997,2.118117875,0.21267545699999998,119.0,63.0,973.72,ec_col,3,2,LPT,1
438,HUH_00266688_A,pichinchense,7.263,4.9030000000000005,27.969,0.508054523,1.481337956,0.21626297600000002,115.0,83.0,973.72,ec_col,3,2,LPT,1
439,pichinchense_J_H_Torres_1935_A_b,pichinchense,8.62,4.482,30.340999999999998,0.468677494,1.92324855,0.240013715,129.0,79.0,973.72,ec_col,3,2,LPT,1
440,G_Bedoya_82_A,pichinchense,10.513,4.06,33.524,0.41852944,2.589408867,0.247264635,139.0,61.0,973.72,ec_col,3,2,LPT,1
441,MO-1846367_A,pichinchense,8.427999999999999,6.167999999999999,40.83,0.460370195,1.3664072630000001,0.25455818199999997,138.0,96.0,973.72,ec_col,3,2,LPT,1
442,pichinchense_anti_D_Molina_239_A_b,pichinchense,7.817,4.0680000000000005,24.978,0.570551362,1.9215830880000002,0.295836107,126.0,89.0,973.72,ec_col,3,2,LPT,1
443,Bernal_34_B,pichinchense,9.791,5.401,41.532,0.372791339,1.8128124419999998,0.35165865700000004,185.0,71.0,973.72,ec_col,3,2,LPT,1
444,MO_5678760_a,reticulatum,6.862,4.4910000000000005,24.203000000000003,0.520256485,1.5279447780000002,0.0,103.0,78.0,4466.34,ec_peru,4,2,LPT,1
445,PWS_1709_b,reticulatum,10.645999999999999,5.91,49.418,0.540108961,1.8013536380000001,0.079318915,75.0,72.0,4466.34,ec_peru,4,2,LPT,1
446,MO_5678759_C_a,reticulatum,7.011,3.778,20.802,0.53059478,1.85574378,0.08364701,88.0,87.0,4466.34,ec_peru,4,2,LPT,1
447,PWS_1711_a,reticulatum,10.579,5.671,47.119,0.6465639470000001,1.8654558280000002,0.104444096,69.0,100.0,4466.34,ec_peru,4,2,LPT,1
448,MO_5295429_A_a,reticulatum,9.327,3.6210000000000004,26.526999999999997,0.493191809,2.575807788,0.129533679,66.0,70.0,4466.34,ec_peru,4,2,LPT,1
449,stipitatum_PWS_1706_A,reticulatum,12.206,7.4479999999999995,71.39699999999999,0.5939701789999999,1.638829216,0.13946353,107.0,98.0,4466.34,ec_peru,4,2,LPT,1
450,MO_5199578_a,reticulatum,8.594,3.213,21.685,0.510821503,2.674758792,0.14959982,70.0,66.0,4466.34,ec_peru,4,2,LPT,1
451,PWS_1708_b,reticulatum,10.122,6.89,54.769,0.56510571,1.469085631,0.166283291,120.0,93.0,4466.34,ec_peru,4,2,LPT,1
452,PWS_1700_a,reticulatum,8.22,4.718999999999999,30.465,0.445255474,1.741894469,0.168497675,118.0,102.0,4466.34,ec_peru,4,2,LPT,1
453,J_Campos_3304_A,reticulatum,10.002,5.725,44.976000000000006,0.50289942,1.747074236,0.28133711899999997,130.0,69.0,4466.34,ec_peru,4,2,LPT,1
454,reticulatum_J_G_Sanchez_282_A,reticulatum,7.558,4.607,27.345,0.61788833,1.6405469940000001,0.330335841,104.0,69.0,4466.34,ec_peru,4,2,LPT,1
455,reticulatum_J_Campos_4625_A,reticulatum,12.18,7.982,76.358,0.496715928,1.52593335,0.340545327,123.0,85.0,4466.34,ec_peru,4,2,LPT,1
456,PWS_1702_a,reticulatum,6.789,4.879,26.015,0.40506702,1.3914736630000002,0.397709195,143.0,111.0,4466.34,ec_peru,4,2,LPT,1
457,K_Young_4979_C,reticulatum,7.4879999999999995,5.229,30.754,0.5034722220000001,1.432013769,0.398190045,139.0,91.0,4466.34,ec_peru,4,2,LPT,1
458,reticulatum_S_Flores_69_A,reticulatum,10.372,4.667,38.023,0.61415349,2.222412685,0.429135435,75.0,98.0,4466.34,ec_peru,4,2,LPT,1
459,MO-436493_A,reticulatum,14.662,8.597999999999999,99.014,0.5163006410000001,1.7052802980000001,0.473260767,115.0,72.0,4466.34,ec_peru,4,2,LPT,1
460,reticulatum_H_van_der_Werff_16998_B,reticulatum,9.751,4.112,31.495,0.71787509,2.37135214,0.479355746,75.0,134.0,4466.34,ec_peru,4,2,LPT,1
461,MO_436140_A,reticulatum,11.497,6.005,54.223,0.564495086,1.9145711909999998,0.555998743,83.0,70.0,4466.34,ec_peru,4,2,LPT,1
462,reticulatum_A_Gentry_61149_A,reticulatum,12.356,6.729,65.3,0.602136614,1.836231238,0.559258051,110.0,125.0,4466.34,ec_peru,4,2,LPT,1
463,reticulatum_A_Gentry_61487_A,reticulatum,8.017000000000001,3.688,23.223000000000003,0.395409754,2.173806941,0.624701429,144.0,53.0,4466.34,ec_peru,4,2,LPT,1
464,reticulatum_A_Weberbauer_6241_A,reticulatum,8.14,3.475,22.215999999999998,0.484029484,2.3424460430000003,0.721153846,84.0,74.0,4466.34,ec_peru,4,2,LPT,1
465,MO-436163_B,reticulatum,10.017999999999999,5.127000000000001,40.341,0.509083649,1.953969183,0.763682647,100.0,73.0,4466.34,ec_peru,4,2,LPT,1
466,reticulatum_R_A_Ferreyra_15249_A,reticulatum,8.668,5.086,34.625,0.63105676,1.704286276,0.8352071959999999,82.0,95.0,4466.34,ec_peru,4,2,LPT,1
467,ayavacense_2_siberia,seemenii,7.682,3.384,20.419,0.533937,2.2700945630000002,0.0,87.0,87.0,4.97,peru_bol,1,1,IGE,0
468,D_Soto_120_A,seemenii,6.577000000000001,3.451,17.823,0.535198419,1.9058243990000001,0.0,96.0,80.0,4.97,peru_bol,1,1,IGE,0
469,J_Cornejo_172_A,seemenii,10.849,5.4110000000000005,46.105,0.37975850299999997,2.004989836,0.0,140.0,51.0,4.97,peru_bol,1,1,IGE,0
470,J_Wood_17732_A,seemenii,8.681000000000001,5.763999999999999,39.296,0.438889529,1.5060721719999999,0.0,151.0,97.0,4.97,peru_bol,1,1,IGE,0
471,PWS_3883_2_A_b,seemenii,9.261000000000001,3.988,29.005,0.486988446,2.32221665,0.0,97.0,56.0,4.97,peru_bol,1,1,IGE,0
472,PWS_3890_b,seemenii,6.774,3.5039999999999996,18.644000000000002,0.559492176,1.933219178,0.0,78.0,66.0,4.97,peru_bol,1,1,IGE,0
473,PWS_3893_ab,seemenii,7.126,4.102,22.958000000000002,0.607634016,1.737201365,0.0,85.0,82.0,4.97,peru_bol,1,1,IGE,0
474,PWS_3903_A_a,seemenii,4.563,2.753,9.863999999999999,0.42515888700000004,1.657464584,0.0,134.0,63.0,4.97,peru_bol,1,1,IGE,0
475,PWS_3907_E_b,seemenii,7.603,3.073,18.351,0.491911088,2.474129515,0.0,88.0,63.0,4.97,peru_bol,1,1,IGE,0
476,ayavacense_1_chapare,seemenii,11.225,5.903,52.036,0.610056,1.90157547,0.027434842,119.0,99.0,4.97,peru_bol,1,1,IGE,0
477,PWS_3886_2_B_a,seemenii,4.992,2.309,9.052,0.558894231,2.161974881,0.061915671,89.0,62.0,4.97,peru_bol,1,1,IGE,0
478,FM_162452_A,seemenii,12.199000000000002,5.459,52.3,0.489384376,2.234658362,0.096871065,105.0,68.0,4.97,peru_bol,1,1,IGE,0
479,I_Vargas_2371_A,seemenii,9.047,5.184,36.83,0.54603736,1.7451774690000001,0.155656559,142.0,72.0,4.97,peru_bol,1,1,IGE,0
480,ayavacense_3_Sud_Yungas,seemenii,7.776,3.627,22.15,0.47592799999999996,2.143920596,0.159039402,113.0,69.0,4.97,peru_bol,1,1,IGE,0
481,PWS_3887_B_a,seemenii,9.035,3.315,23.526,0.486995019,2.7254901960000004,0.186755313,94.0,76.0,4.97,peru_bol,1,1,IGE,0
482,PWS_3885_2_a,seemenii,6.627000000000001,3.022,15.73,0.6141542179999999,2.192918597,0.22692203,58.0,66.0,4.97,peru_bol,1,1,IGE,0
483,PWS_3904_A_a,seemenii,8.867,6.542999999999999,45.566,0.531183038,1.355188751,0.243850398,119.0,118.0,4.97,peru_bol,1,1,IGE,0
484,PWS_3884_2_B_a,seemenii,8.399,4.038,26.631999999999998,0.467912847,2.0799900940000002,0.247323605,74.0,60.0,4.97,peru_bol,1,1,IGE,0
485,PWS_3901_B_ab,seemenii,7.3389999999999995,4.152,23.93,0.487804878,1.767581888,0.319463302,108.0,71.0,4.97,peru_bol,1,1,IGE,0
486,FM_495808_A,seemenii,5.734,2.343,10.554,0.538890827,2.447289799,0.36561161600000003,77.0,60.0,4.97,peru_bol,1,1,IGE,0
487,ayavacense_4_Sud_Yungas,seemenii,9.112,3.699,26.474,0.5264979999999999,2.463368478,0.421170855,82.0,72.0,4.97,peru_bol,1,1,IGE,0
488,ayavacense_5_Nor_Yungas,seemenii,8.946,3.7319999999999998,26.226,0.433518,2.397106109,0.5583278079999999,85.0,58.0,4.97,peru_bol,1,1,IGE,0
489,FM_768283_A,stellato_tomentosum,12.078,6.705,63.608999999999995,0.354363305,1.8013422819999998,0.13656227199999998,149.0,52.0,973.72,costa_rica,3,2,LPT,1
490,stellato_tomentosum_MD_593_A,stellato_tomentosum,10.258,6.715,54.098,0.429908364,1.527624721,0.18861315399999998,193.0,73.0,973.72,costa_rica,3,2,LPT,1
491,stellato_tomentosum_MD_589_A,stellato_tomentosum,12.743,8.558,85.649,0.570509299,1.489016125,0.263862954,209.0,82.0,973.72,costa_rica,3,2,LPT,1
492,stellato-tomentosum_E_Navarro_V_451_A,stellato_tomentosum,10.524000000000001,5.186,42.865,0.43044469799999996,2.02930968,0.286033752,95.0,47.0,973.72,costa_rica,3,2,LPT,1
493,A_Weston_3380_Aa,stellato_tomentosum,9.507,4.956,37.005,0.444935311,1.918280872,0.330378283,146.0,53.0,973.72,costa_rica,3,2,LPT,1
494,R_Seibert_319_A,stellato_tomentosum,7.186,6.024,33.996,0.452268299,1.192895086,0.333388898,163.0,96.0,973.72,costa_rica,3,2,LPT,1
495,stellato_tomentosum_R_Lent_4003_A_b,stellato_tomentosum,11.425,8.335,74.788,0.375492341,1.370725855,0.334500368,172.0,76.0,973.72,costa_rica,3,2,LPT,1
496,stellato_tomentosum_MD_639_A,stellato_tomentosum,13.465,7.593999999999999,80.305,0.491645006,1.77311035,0.368883585,174.0,81.0,973.72,costa_rica,3,2,LPT,1
497,stellato-tomentosum_V_Ramirez_1_A,stellato_tomentosum,8.929,6.806,47.729,0.496136185,1.311930649,0.37930100200000005,168.0,99.0,973.72,costa_rica,3,2,LPT,1
498,stellato-tomentosum_J_F_Morales_56_A,stellato_tomentosum,9.531,5.223,39.096,0.556080159,1.824813326,0.40168170700000005,93.0,58.0,973.72,costa_rica,3,2,LPT,1
499,stellato-tomentosum_J_Taylor_11521_A,stellato_tomentosum,10.203,8.001,64.118,0.446927374,1.275215598,0.40913740200000004,211.0,84.0,973.72,costa_rica,3,2,LPT,1
500,stellato_tomentosum_MD_592_A,stellato_tomentosum,9.791,5.9270000000000005,45.581,0.494331529,1.6519318369999998,0.447064741,183.0,62.0,973.72,costa_rica,3,2,LPT,1
501,A_Jimenez_288_Ab,stellato_tomentosum,7.757000000000001,4.612,28.098000000000003,0.5865669720000001,1.681916739,0.584232593,89.0,86.0,973.72,costa_rica,3,2,LPT,1
502,stellato_tomentosum_H_Pittier_8881_A_a,stellato_tomentosum,9.555,6.6129999999999995,49.626000000000005,0.5190999479999999,1.444881294,0.589606839,141.0,81.0,973.72,costa_rica,3,2,LPT,1
503,D_Hazlett_5233_A,stellato_tomentosum,8.227,5.296,34.216,0.5567035370000001,1.5534365559999999,0.647628446,137.0,75.0,973.72,costa_rica,3,2,LPT,1
504,stenocalyx_MD_2_Contrera_DF_Mexico_2016,stenocalyx,6.9110000000000005,4.656000000000001,25.27,0.522355665,1.484321306,0.77818259,142.0,64.0,107.07,central_mex,2,1,D,0
505,stenocalyx_C_G_Pringle_10310_A_b,stenocalyx,7.66,3.2569999999999997,19.596,0.647519582,2.351857538,0.881899023,80.0,61.0,107.07,central_mex,2,1,D,0
506,stenocalyx_G_B_Hinton_10163_A_a,stenocalyx,6.768,4.737,25.177,0.443262411,1.428752375,0.904126433,230.0,67.0,107.07,central_mex,2,1,D,0
507,stenocalyx_MD_129_A,stenocalyx,7.205,3.9819999999999998,22.535,0.603747398,1.809392265,0.9112880859999999,143.0,73.0,107.07,central_mex,2,1,D,0
508,stenocalyx_MD_60_A,stenocalyx,8.968,5.767,40.614000000000004,0.63559322,1.555054621,0.937579907,195.0,79.0,4.97,central_mex,1,1,D,0
509,stenocalyx_MD_1_Contreras_DF_Mexico_2017,stenocalyx,8.381,4.428999999999999,29.156,0.5094857420000001,1.892300745,0.955165128,197.0,54.0,107.07,central_mex,2,1,D,0
510,HUH_00266686_A,stenocalyx,6.92,4.101,22.288,0.48121387299999996,1.6873933190000001,1.054493503,156.0,63.0,107.07,central_mex,2,1,D,0
511,HUH_00266687_A,stenocalyx,4.698,2.855,10.534,0.525755641,1.645534151,1.10654442,113.0,62.0,107.07,central_mex,2,1,D,0
512,stenocalyx_MD_127_A,stenocalyx,7.471,4.538,26.627,0.538080578,1.646319965,1.111535656,132.0,69.0,107.07,central_mex,2,1,D,0
513,J_Calzada_2644_A,stenocalyx,6.167000000000001,3.966,19.211,0.475109454,1.5549672209999998,1.159017153,203.0,65.0,107.07,central_mex,2,1,D,0
514,D_Daly_5329_C,subsessile,6.331,3.623,18.016,0.571789607,1.7474468669999998,0.0,90.0,96.0,4.97,w_col,1,1,IGE,0
515,F_Alzate_284_A,subsessile,6.287999999999999,3.083,15.225,0.500954198,2.039571846,0.0,88.0,77.0,4.97,w_col,1,1,IGE,0
516,F_Roldan_2303_E,subsessile,8.117,3.2230000000000003,20.548000000000002,0.530984354,2.518461061,0.0,134.0,58.0,4.97,w_col,1,1,IGE,0
517,P_Sweeney_2171_B,subsessile,9.586,5.28,39.756,0.558105571,1.815530303,0.0,92.0,81.0,4.97,w_col,1,1,IGE,0
518,subsessile_anti_DSCN6045_A_Cogollo_120_A_a,subsessile,5.6339999999999995,3.0610000000000004,13.542,0.52715655,1.840574975,0.0,112.0,103.0,4.97,w_col,1,1,IGE,0
519,subsessile1.jpg,subsessile,8.575,4.607,31.024,0.593586006,1.861298025,0.035641729,60.843999999999994,57.528999999999996,4.97,w_col,1,1,IGE,0
520,subsessile_Kalbreyer_523_B,subsessile,4.829,2.6189999999999998,9.931000000000001,0.509422241,1.8438335240000001,0.063881436,103.0,100.0,4.97,w_col,1,1,IGE,0
521,K000573667_B,subsessile,4.717,2.5380000000000003,9.404,0.489718041,1.858550039,0.06587615299999999,107.0,102.0,4.97,w_col,1,1,IGE,0
522,subsessile_1,subsessile,9.368,4.277,31.471999999999998,0.542271563,2.190320318,0.159913007,81.0,57.0,4.97,w_col,1,1,IGE,0
523,P_Sweeney_2169_A,subsessile,6.028,3.4810000000000003,16.480999999999998,0.663570007,1.731686297,0.192706075,67.0,108.0,107.07,w_col,2,1,IGE,0
524,sulcatum_MD_2_w_Matiss,sulcatum,11.085999999999999,4.877,42.466,0.561970052,2.273118721,0.0,109.0,53.0,4466.34,oaxaca,4,2,LPT,1
525,sulcatum_MD_3_w_Matiss,sulcatum,11.455,5.723,51.485,0.502837189,2.001572602,0.0,130.0,65.0,4466.34,oaxaca,4,2,LPT,1
526,sulcatum 2 totontepec oaxaca 2019.2.DSCN9469.jpg,sulcatum,15.706,10.165,125.39,0.494333376,1.545105755,0.226149885,176.63400000000001,31.329,4466.34,oaxaca,4,2,LPT,1
527,Img0091.TIF_ceropelon_2_C,sulcatum,8.923,7.452000000000001,52.228,0.463745377,1.197396672,0.302938503,44.821999999999996,31.054000000000002,4466.34,oaxaca,4,2,LPT,1
528,sulcatum 4 (bottom only) totontepec oaxaca.DSCN9507.jpg,sulcatum,9.744,6.4510000000000005,49.36600000000001,0.306342365,1.5104634940000001,0.318066158,166.453,22.362,4466.34,oaxaca,4,2,LPT,1
529,sulcatum 1 totontepec oaxaca 3.DSCN9546.jpg,sulcatum,12.855,9.023,91.09899999999999,0.43010501799999995,1.424692453,0.363877651,139.352,49.44,4466.34,oaxaca,4,2,LPT,1
530,Img0098.TIF_ceropelon_1_A,sulcatum,9.267999999999999,5.856,42.623999999999995,0.522334916,1.582650273,0.54661403,38.346,38.346,4466.34,oaxaca,4,2,LPT,1
531,Img0094.TIF_ceropelon_2_A,sulcatum,9.886000000000001,8.327,64.658,0.39652033200000003,1.1872222890000002,0.568269877,65.972,37.535,4466.34,oaxaca,4,2,LPT,1
532,sulcatum 3 (right/top only) totontepec oaxaca 2019.DSCN9460.jpg,sulcatum,3.9389999999999996,2.551,7.893,0.496064991,1.5441003530000001,0.6198774020000001,175.236,32.312,4466.34,oaxaca,4,2,LPT,1
533,Img0095.TIF_ceropelon_1_B,sulcatum,9.523,6.09,45.552,0.468759845,1.5637110019999998,0.6525285479999999,58.637,58.637,4466.34,oaxaca,4,2,LPT,1
534,tiliaefolium_S_Avendano_R_367_A,tiliaefolium,9.117,10.311,73.831,0.384995064,0.884201338,0.234192037,176.0,119.0,973.72,east_mexico,3,2,LPT,1
535,J_Calzada_5454_A,tiliaefolium,11.515999999999998,9.455,85.516,0.380340396,1.217979905,0.44648056799999997,209.0,74.0,973.72,east_mexico,3,2,LPT,1
536,F_Ventura_13356_Aa,tiliaefolium,11.96,11.477,107.806,0.36705685600000004,1.042084168,0.46945813700000005,241.0,92.0,973.72,east_mexico,3,2,LPT,1
537,tiliaefolium_G_Diggs_2833_A_a,tiliaefolium,13.110999999999999,9.215,94.89399999999999,0.630768057,1.422788931,0.502522275,134.0,89.0,973.72,east_mexico,3,2,LPT,1
538,tiliaefolium_C_G_Pringle_10807_A_a,tiliaefolium,14.29,10.777000000000001,120.946,0.622113366,1.325971977,0.523167605,151.0,92.0,973.72,east_mexico,3,2,LPT,1
539,tiliaefolium_MD_1_Tenango_de_Doria_Hidalgo_2016,tiliaefolium,12.437999999999999,10.157,99.22399999999999,0.427721499,1.224574185,0.5559101479999999,231.0,71.0,973.72,east_mexico,3,2,LPT,1
540,R_Hernandez_1182_A,tiliaefolium,11.792,10.793,99.956,0.28917910399999996,1.092559993,0.59552611,212.0,84.0,973.72,east_mexico,3,2,LPT,1
541,Sangolica_983_A_b,tiliaefolium,11.343,7.888999999999999,70.28,0.45314290799999996,1.437824819,0.678258725,160.0,74.0,973.72,east_mexico,3,2,LPT,1
542,tiliaefolium_Paris_anonymous_4613_B_a,tiliaefolium,14.722000000000001,13.854000000000001,160.19799999999998,0.390571933,1.062653385,0.7125199940000001,216.0,89.0,973.72,east_mexico,3,2,LPT,1
543,J_Linden_531_A_a,tiliaefolium,12.629000000000001,8.262,81.943,0.424419986,1.528564512,0.772744445,137.0,67.0,973.72,east_mexico,3,2,LPT,1
544,HUH_00266670_Aa,tiliaefolium,13.638,12.875,137.901,0.48540841799999995,1.0592621359999999,0.783185487,221.0,98.0,973.72,east_mexico,3,2,LPT,1
545,tiliaefolium_M_Chazaro_3414_A_a,tiliaefolium,11.765999999999998,10.619000000000002,98.126,0.470848207,1.108013937,0.7929293909999999,204.0,86.0,973.72,east_mexico,3,2,LPT,1
546,J_Calzada_5430_Ab,tiliaefolium,9.639,8.84,66.923,0.437804752,1.090384615,0.828304343,162.0,89.0,973.72,east_mexico,3,2,LPT,1
547,R_Ortega_783_A,tiliaefolium,9.066,6.997000000000001,49.824,0.519523494,1.295698156,0.927938915,146.0,83.0,973.72,east_mexico,3,2,LPT,1
548,J_Fay_439_A,tiliaefolium,11.468,9.129,82.21799999999999,0.38018835,1.256216453,0.94180962,173.0,72.0,973.72,east_mexico,3,2,LPT,1
549,L_Correa_34_A,tinoides1,10.057,4.184,33.048,0.561797753,2.403680688,0.0,88.0,78.0,4.97,w_col,1,1,IGE,0
550,W_Vargas_5815_A,tinoides1,13.949000000000002,6.898,75.571,0.48032117,2.022180342,0.0,103.0,64.0,4.97,w_col,1,1,IGE,0
551,tinoides_M_C_Velez_1185_A_a,tinoides1,12.297,5.351,51.681000000000004,0.49280312299999995,2.298075126,0.0,127.0,53.0,4.97,w_col,1,1,IGE,0
552,tinoides_J_Cuatrecasas_18552_A_a,tinoides1,10.254000000000001,3.793,30.549,0.39009167200000006,2.7034010019999997,0.027745408,114.0,38.0,4.97,w_col,1,1,IGE,0
553,tinoides_P_Franco_1720_B_a,tinoides1,11.173,6.039,52.994,0.46630269399999996,1.850140752,0.049582269000000005,92.0,61.0,4.97,w_col,1,1,IGE,0
554,tinoides_J_Carlos_Arias_59_A,tinoides1,10.389000000000001,4.947,40.366,0.584271826,2.100060643,0.052399916,66.0,48.0,4.97,w_col,1,1,IGE,0
555,tinoides_L_C_Jimenez_13_A_b,tinoides1,9.345,4.195,30.791,0.440877475,2.227651967,0.060377358,96.0,51.0,4.97,w_col,1,1,IGE,0
556,J_Velez_5321_A,tinoides1,9.347999999999999,4.541,33.336,0.5166880620000001,2.058577406,0.062420024000000005,106.0,57.0,4.97,w_col,1,1,IGE,0
557,F_Cardona_258_A,tinoides1,6.6,3.032,15.716,0.637878788,2.1767810030000003,0.084745763,53.0,64.0,4.97,w_col,1,1,IGE,0
558,C_Murcia_1173_A,tinoides1,13.368,8.103,85.072,0.5019449429999999,1.6497593480000001,0.104443005,143.0,70.0,4.97,w_col,1,1,IGE,0
559,D_Moreno_19_A,tinoides1,10.078,5.032,39.832,0.529867037,2.002782194,0.210360242,92.0,59.0,4.97,w_col,1,1,IGE,0
560,tinoides_G_Galeano_2015_A_a,tinoides1,9.997,4.659,36.578,0.574172252,2.1457394290000003,0.233508465,88.0,56.0,4.97,w_col,1,1,IGE,0
561,C_Murcia_166_A,tinoides1,8.291,3.833,24.959,0.522253045,2.163057657,0.373045749,93.0,42.0,4.97,w_col,1,1,IGE,0
562,HUH_00266701_A,tinoides2,9.164,3.924,28.244,0.460497599,2.335372069,0.0,91.0,56.0,4.97,e_col,1,1,IGE,0
563,tinoides_J_H_Torres_R_700_A_b,tinoides2,10.788,5.336,45.216,0.47182054100000004,2.02173913,0.0,115.0,70.0,4.97,e_col,1,1,IGE,0
564,tinoides2.4 DSCN6276.jpg,tinoides2,9.205,4.823,34.865,0.504942966,1.908563135,0.0,70.781,31.298000000000002,4.97,e_col,1,1,IGE,0
565,tinoides2.1.jpg,tinoides2,8.033999999999999,3.248,20.494,0.482449589,2.473522167,0.0,104.325,71.169,4.97,e_col,1,1,IGE,0
566,tinoides2.3 DSCN6261.jpg,tinoides2,8.437999999999999,3.597,23.836,0.477245793,2.345843759,0.0,96.361,69.596,4.97,e_col,1,1,IGE,0
567,tinoides2.2 DSCN5933.jpg,tinoides2,6.8,3.069,16.39,0.607352941,2.215705442,0.0,78.118,59.356,4.97,e_col,1,1,IGE,0
568,J_Cuatrecasas_8011_A,tinoides2,8.32,4.183,27.334,0.47596153799999996,1.9890031080000001,0.145001088,120.0,63.0,4.97,e_col,1,1,IGE,0
569,J_Clark_5086_A,toronis,9.535,4.35,32.571999999999996,0.502359727,2.191954023,0.0,92.0,67.0,107.07,e_col,2,1,IGE,0
570,MO-1847152_A,toronis,11.355,5.202000000000001,46.397,0.529282255,2.1828143019999997,0.0,85.0,58.0,4.97,e_col,1,1,IGE,0
571,toronis_T_B_Croat_59105_A,toronis,10.232999999999999,4.967,39.92,0.487638034,2.0601973019999997,0.0,69.0,51.0,4.97,e_col,1,1,IGE,0
572,toronis_H_Lugo_S_1779_A,toronis,10.831,5.162000000000001,43.913999999999994,0.457944788,2.098217745,0.026568893,81.0,63.0,4.97,e_col,1,1,IGE,0
573,MO-1847146_A,toronis,9.871,4.58,35.508,0.566305339,2.155240175,0.028615578,76.0,57.0,107.07,e_col,2,1,IGE,0
574,toronis_B_Ollgaerd_9143_A,toronis,7.892,4.904,30.4,0.466294982,1.609298532,0.033168596,133.0,73.0,4.97,e_col,1,1,IGE,0
575,toronis_C_E_Ceron_M_1553_A,toronis,8.337,4.177,27.35,0.552956699,1.9959300930000001,0.033537915,65.0,66.0,4.97,e_col,1,1,IGE,0
576,toronis_anti_DSCN6202_D_D_Soejarto_9423_A_a,toronis,11.095,4.32,37.646,0.553402434,2.5682870369999997,0.056884439,61.0,62.0,4.97,e_col,1,1,IGE,0
577,H_Vargas_3925_A,toronis,9.787,4.749,36.508,0.5384693979999999,2.060854917,0.056895767,88.0,66.0,4.97,e_col,1,1,IGE,0
578,J_Cuatrecasas_8599_A,toronis,10.157,4.365,34.819,0.405631584,2.326918671,0.059600083,88.0,52.0,4.97,e_col,1,1,IGE,0
579,W_Palacios_8390_B,toronis,11.273,5.465,48.38399999999999,0.654661581,2.062763038,0.183409317,57.0,116.0,4.97,e_col,1,1,IGE,0
580,D_Sanchez_1701_A,toronis,15.434000000000001,7.382999999999999,89.493,0.5202799020000001,2.090478125,0.230414747,97.0,63.0,4.97,e_col,1,1,IGE,0
581,HUH_00266694_A,triphyllum,5.915,2.935,13.637,0.556213018,2.0153321980000003,0.0,78.0,72.0,4.97,e_col,1,1,SGE,0
582,J_Betancur_4227_C,triphyllum,5.624,2.635,11.64,0.542318634,2.134345351,0.0,96.0,98.0,4.97,e_col,1,1,SGE,0
583,triphyllum_MD_1_Bogota_2012,triphyllum,7.962999999999999,3.9419999999999997,24.654,0.571392691,2.020040589,0.0,122.0,87.0,4.97,e_col,1,1,SGE,0
584,triphyllum_anti_2_DSCN6049_E_Renteria_4156_B_c,triphyllum,5.591,3.28,14.402999999999999,0.45251296700000004,1.7045731709999998,0.0,134.0,84.0,4.97,e_col,1,1,SGE,0
585,triphyllum_anti_3_DSCN6056_J_G_Ramirez_22_A_b,triphyllum,7.0489999999999995,3.342,18.499000000000002,0.459639665,2.109216038,0.0,129.0,67.0,4.97,e_col,1,1,SGE,0
586,triphyllum_anti_3_DSCN6210_E_Valderrama_B_c,triphyllum,4.217,1.815,6.0120000000000005,0.701920797,2.3234159780000003,0.0,56.0,68.0,4.97,e_col,1,1,SGE,0
587,triphyllum_L_Piedrahita_567_C_a,triphyllum,6.832000000000001,3.509,18.833,0.469847775,1.946993445,0.0,121.0,89.0,4.97,e_col,1,1,SGE,0
588,triphyllum_L_U_Uribe_5424_A_b,triphyllum,5.35,1.732,7.28,0.6018691589999999,3.08891455,0.0,125.0,68.0,4.97,e_col,1,1,SGE,0
589,M_T_Dawe_168_C_a,triphyllum,5.819,3.185,14.554,0.632411067,1.82700157,0.047662170999999996,75.0,86.0,4.97,e_col,1,1,SGE,0
590,J_Betancur_10943_B,triphyllum,4.93,2.198,8.51,0.511156187,2.242948135,0.06420958,86.0,93.0,4.97,e_col,1,1,SGE,0
591,triphyllum_M_J_Goudot_1866_A_a,triphyllum,8.267000000000001,3.49,22.659000000000002,0.505624773,2.368767908,0.079630514,104.0,73.0,4.97,e_col,1,1,SGE,0
592,triphyllum_anti_J_E_Calle_143_B_a,triphyllum,6.171,3.3710000000000004,16.339000000000002,0.471560525,1.830614061,0.09015506699999999,155.0,70.0,4.97,e_col,1,1,SGE,0
593,triphyllum_kew_1040_B_a,triphyllum,4.506,2.267,8.024,0.639147803,1.987648875,0.132074226,71.0,68.0,4.97,e_col,1,1,SGE,0
594,M_Munera_983_B,undulatum,11.594000000000001,4.502,41.0,0.47783336200000004,2.575299867,0.052995575,96.0,45.0,4466.34,w_col,4,2,LPT,1
595,O_Marulanda_32_A,undulatum,9.565,4.827,36.258,0.493465761,1.981562047,0.060999787,123.0,70.0,4466.34,w_col,4,2,LPT,1
596,I_Rodriguez_3677_A,undulatum,11.783,4.59,42.481,0.511754222,2.5671023969999998,0.099455481,112.0,43.0,4466.34,w_col,4,2,LPT,1
597,O_Marulanda_374_A,undulatum,12.075999999999999,6.683,63.39,0.42480954,1.8069729159999999,0.138561729,116.0,61.0,4466.34,w_col,4,2,LPT,1
598,undulatum_anti_6_DSCN5881_W_Rodriguez_853_A_a,undulatum,12.058,4.309,40.806,0.539890529,2.7983290789999997,0.153554793,67.0,47.0,4466.34,w_col,4,2,LPT,1
599,undulatum_1,undulatum,13.786,5.846,63.3,0.5019585089999999,2.358193637,0.17660434,97.0,57.0,4466.34,w_col,4,2,LPT,1
600,undulatum_anti_15_DSCN6178_J_L_Zarucchi_6312_A_b,undulatum,11.046,5.358,46.481,0.554952019,2.061590146,0.19477989899999998,93.0,57.0,4466.34,w_col,4,2,LPT,1
601,J_Diaz_34_A,undulatum,12.915999999999999,5.048,51.21,0.42195726200000006,2.558637084,0.202638808,87.0,53.0,4466.34,w_col,4,2,LPT,1
602,undulatum_anti_8_DSCN6062_L_Albert_de_Escobar_6762_A_a,undulatum,13.165999999999999,5.724,59.195,0.47774570899999996,2.3001397619999997,0.20294953300000002,87.0,64.0,4466.34,w_col,4,2,LPT,1
603,undulatum_2,undulatum,21.372,8.578,143.982,0.48615010299999994,2.491489858,0.209301978,145.0,51.0,4466.34,w_col,4,2,LPT,1
604,L_Giraldo_712_A,undulatum,11.880999999999998,5.445,50.812,0.48985775600000003,2.182001837,0.20972176899999997,131.0,54.0,4466.34,w_col,4,2,LPT,1
605,CNHM_1399661_A,undulatum,10.918,3.327,28.531999999999996,0.5101666970000001,3.281635107,0.23331777899999998,73.0,46.0,4466.34,w_col,4,2,LPT,1
606,G_Cormino_56_A,undulatum,11.027999999999999,5.867000000000001,50.81399999999999,0.526840769,1.879665928,0.234246896,125.0,70.0,4466.34,w_col,4,2,LPT,1
607,D_Tuberquia_2344_A,undulatum,14.034,5.801,63.943999999999996,0.47527433399999996,2.419238062,0.255313717,108.0,59.0,4466.34,w_col,4,2,LPT,1
608,L_Londono_130_A,undulatum,11.729000000000001,6.551,60.346000000000004,0.567823344,1.7904136769999999,0.283667825,114.0,64.0,4466.34,w_col,4,2,LPT,1
609,J_Benavides_48_A,undulatum,17.508,6.9639999999999995,95.76299999999999,0.49348869100000003,2.5140723719999998,0.306649176,111.0,52.0,4466.34,w_col,4,2,LPT,1
610,undulatum_anti_5_DSCN5869_M_Correa_806_A_b,undulatum,10.59,3.827,31.834,0.451369216,2.767180559,0.317286336,70.0,49.0,4466.34,w_col,4,2,LPT,1
611,undulatum_anti_11_DSCN6114_J_L_Zarucchi_4599_A_a,undulatum,11.357999999999999,4.352,38.818000000000005,0.554675119,2.6098345590000003,0.32410533399999997,65.0,58.0,4466.34,w_col,4,2,LPT,1
612,H_David_191_A,undulatum,10.014,4.793,37.696,0.448372279,2.089296891,0.34100068200000005,107.0,85.0,4466.34,w_col,4,2,LPT,1
613,undulatum_anti_12_DSCN6132_S_Morales_6102_A_a,undulatum,10.431,5.607,45.938,0.34416642700000005,1.86035313,0.394844459,164.0,75.0,4466.34,w_col,4,2,LPT,1
614,J_Zarucchi_6117_A,undulatum,10.412,4.484,36.665,0.522474068,2.322033898,0.435717982,88.0,59.0,4466.34,w_col,4,2,LPT,1
615,F_Alzate_867_B,undulatum,11.147,4.905,42.938,0.462904817,2.272579001,0.517020871,85.0,66.0,4466.34,w_col,4,2,LPT,1
616,J_Luteyn_11863_A,undulatum,11.217,5.1339999999999995,45.228,0.570562539,2.184846124,0.5254998820000001,145.0,64.0,4466.34,w_col,4,2,LPT,1
636,subdentatum_DSCN8747_C_a,villosum,4.487,2.841,10.012,0.510363272,1.57937346,0.0,120.0,88.0,4.97,jamaica,1,1,IGE,0
637,A_Gentry_50996_A,villosum,8.003,4.079,25.64,0.501062102,1.96200049,0.0,186.0,52.0,107.07,jamaica,2,1,IGE,0
638,villosum_Holly_Mount_1_5-23_DSCN8781_a,villosum,7.787000000000001,3.053,18.67,0.48285604200000004,2.550605961,0.0,91.0,56.0,107.07,jamaica,2,1,IGE,0
639,villosum_Holly_mount_2_5-23_DSCN8797_a,villosum,9.012,5.167999999999999,36.58,0.45162006200000004,1.74380805,0.0,134.0,67.0,107.07,jamaica,2,1,IGE,0
640,villosum_holly_mount_3_5-23DSCN8821_a,villosum,10.136000000000001,5.7010000000000005,45.382,0.459747435,1.7779336959999998,0.0,204.0,89.0,4.97,jamaica,1,1,IGE,0
641,villosum_mason_river_preserve_5-23_a,villosum,7.267,4.303,24.561999999999998,0.49126186899999996,1.688821752,0.0,147.0,97.0,973.72,jamaica,3,2,IGE,1
642,villosum_Mount_Horeb_2-26_a,villosum,8.464,6.104,40.578,0.521030246,1.386631717,0.0,95.0,96.0,107.07,jamaica,2,1,IGE,0
643,villosum_road_to_blue_mountain_5-27_DSCN9095_a,villosum,9.443,5.059,37.519,0.422535211,1.8665744219999998,0.0,132.0,57.0,973.72,jamaica,3,2,IGE,1
644,villosum_road_to_Newcastle_2_5-26_DSCN9052_a,villosum,8.408,6.017,39.732,0.493577545,1.3973741069999999,0.0,128.0,91.0,973.72,jamaica,3,2,IGE,1
645,villosum_cinchona_1_5-29_DSCN9215_a-1,villosum,9.44,5.446000000000001,40.382,0.443855932,1.733382299,0.061663685999999995,124.0,65.0,107.07,jamaica,2,1,IGE,0
646,villosum_G_Webster_13630_B_b,villosum,8.353,5.462000000000001,35.83,0.521968155,1.529293299,0.09155552800000001,131.0,96.0,973.72,jamaica,3,2,IGE,1
647,subdentatum_DSCN8766_a,villosum,5.063,3.0839999999999996,12.265,0.493778392,1.6416990919999999,0.105485232,151.0,64.0,107.07,jamaica,2,1,IGE,0
648,villosum_MD_629_C_a,villosum,9.751,5.568,42.643,0.46456773700000004,1.751257184,0.118711975,142.0,69.0,107.07,jamaica,2,1,IGE,0
649,subdentatum_DSCN8708_C_a,villosum,4.748,3.255,12.136,0.581297388,1.458678955,0.15954900800000002,142.0,73.0,107.07,jamaica,2,1,IGE,0
650,villosum_MD_626_A,villosum,8.481,5.462999999999999,36.388000000000005,0.492866407,1.5524437119999999,0.200287078,111.0,95.0,973.72,jamaica,3,2,IGE,1
651,S_Sinha_1067_A,villosum,8.297,4.713,30.712,0.491744004,1.76044982,0.202586352,147.0,63.0,973.72,jamaica,3,2,IGE,1
652,villosum_W_Harris_9255_B_a,villosum,11.604000000000001,7.403,67.469,0.533436746,1.567472646,0.20813579699999998,161.0,81.0,973.72,jamaica,3,2,IGE,1
653,subdentatum_DSCN8761_A_b,villosum,4.922,2.7710000000000004,10.714,0.625761885,1.77625406,0.233032333,140.0,73.0,107.07,jamaica,2,1,IGE,0
654,villosum_MD_628_a,villosum,7.597,5.225,31.178,0.506778992,1.4539712919999999,0.246800409,119.0,83.0,973.72,jamaica,3,2,IGE,1
655,subdentatum_DSCN8702_B_b,villosum,5.18,2.8539999999999996,11.612,0.415057915,1.814996496,0.26317174600000004,122.0,59.0,107.07,jamaica,2,1,IGE,0
656,subdentatum_blue_mountain_peak_5-28_DSCN9162_a,villosum,4.747,3.662,13.652000000000001,0.406572572,1.296286182,0.429115486,221.0,76.0,107.07,jamaica,2,1,IGE,0
