,Unnamed: 0,Specimen_ID,Species,area,aspect_ratio,tooth_density,trichome_q,region,trichome_categorical,stellate_hairs_stalked,type,kmeans_nmds_euclidean
0,0,HUH_00266674_B3a,acutifolium,12.222000000000001,1.672786885,0.0,4.97,oaxaca,1,0,SGE,0
1,1,G_Martin_545_A,acutifolium,5.718999999999999,1.753189401,0.0,4.97,oaxaca,1,0,SGE,0
2,2,acutifolium_MD_1_Mirador_2015,acutifolium,8.574,1.872049689,0.0,4.97,oaxaca,1,0,SGE,0
3,3,acutifolium_G_L_Webster_17481_E,acutifolium,5.171,1.810173047,0.0,4.97,oaxaca,1,0,SGE,0
4,4,acutifolium_R_Hernendez_N_2418_A,acutifolium,2.0380000000000003,1.918314703,0.0,4.97,oaxaca,1,0,SGE,0
5,5,acutifolium_PWS_3060_B,acutifolium,8.362,2.042925975,0.0,4.97,oaxaca,1,0,SGE,0
6,6,acutifolium_MD_96_B,acutifolium,2.853,1.5828382840000002,0.0,4.97,oaxaca,1,0,SGE,0
7,7,acutifolium_MD_2472_A,acutifolium,5.274,1.6616915419999998,0.0,4.97,oaxaca,1,0,SGE,0
8,8,acutifolium_MD_2482_A,acutifolium,3.612,1.74784217,0.0,4.97,oaxaca,1,0,SGE,0
9,9,acutifolium_PWS_3050_A,acutifolium,7.239,2.192682927,0.065138093,4.97,oaxaca,1,0,SGE,0
10,10,acutifolium_PWS_3059_A,acutifolium,3.108,2.672144618,0.094161959,4.97,oaxaca,1,0,SGE,0
11,11,acutifolium_MD_171_A,acutifolium,4.168,1.589490969,0.10085728699999999,4.97,oaxaca,1,0,SGE,0
12,12,W_Holmes_4552_Field,acutifolium,3.3360000000000003,1.8821571240000001,0.10110201199999999,4.97,oaxaca,1,0,SGE,0
13,13,acutifolium_mirador_1_DSCN7586_a,acutifolium,10.800999999999998,2.131496063,0.17211704,4.97,oaxaca,1,0,SGE,0
14,14,acutifolium_PWS_3051_C,acutifolium,3.536,1.6721511269999998,0.203148807,4.97,oaxaca,1,0,SGE,0
15,15,acutifolium_MD_23_A,acutifolium,2.4730000000000003,1.7593423019999999,0.238265428,4.97,oaxaca,1,0,SGE,0
16,16,alpinum_peckham_woods_5-25_a,alpinum,32.564,2.033887043,0.0,4.97,jamaica,1,0,IGE,0
17,17,alpinum_DSCN8696_B_a,alpinum,80.00399999999999,1.510166809,0.0,4.97,jamaica,1,0,IGE,0
18,18,alpinum_DSCN8731_A_a,alpinum,29.656,1.842500552,0.0,4.97,jamaica,1,0,IGE,0
19,19,alpinum1.jpg,alpinum,65.274,1.4091434440000001,0.0,4.97,jamaica,1,0,IGE,0
20,20,alpinum7.jpg,alpinum,49.934,1.576692913,0.0,4.97,jamaica,1,0,IGE,0
21,21,alpinum3.jpg,alpinum,40.562,1.365528455,0.0,4.97,jamaica,1,0,IGE,0
22,22,alpinum2.jpg,alpinum,27.888,1.7277741009999998,0.0,4.97,jamaica,1,0,IGE,0
23,23,alpinum4.jpg,alpinum,18.792,1.6381475669999999,0.0,4.97,jamaica,1,0,IGE,0
24,24,alpinum5.jpg,alpinum,17.204,1.672561481,0.0,4.97,jamaica,1,0,IGE,0
25,25,alpinum6.jpg,alpinum,9.458,1.4570434780000001,0.0,4.97,jamaica,1,0,IGE,0
26,26,YU.254897.jpg,ayavacense,17.16,2.39602649,0.0,4.97,jamaica,1,0,IGE,0
27,27,YU.254906.jpg,ayavacense,16.698,1.793494046,0.0,107.07,ec_peru,2,0,IGE,0
28,28,YU.254899.jpg,ayavacense,14.325,1.9904195569999998,0.0,107.07,ec_peru,2,0,IGE,0
29,29,YU.254900.jpg,ayavacense,11.18,2.19434629,0.0,4.97,ec_peru,1,0,IGE,0
30,30,ayavacense 1 norther peru DSCN9765.jpg_B,ayavacense,43.915,1.65148651,0.135810517,4.97,ec_peru,1,0,IGE,0
31,31,ayavacense 2 northern peru DSCN9782.jpg_A,ayavacense,50.393,1.6722634809999999,0.142389292,4.97,ec_peru,1,0,IGE,0
32,32,hallii_D_N_Smith_6967_B,ayavacense,14.948,1.784445805,0.149335457,107.07,ec_peru,2,0,IGE,0
33,33,ayavacense 1 norther peru DSCN9765.jpg_A,ayavacense,43.178999999999995,1.561341422,0.213089802,4.97,ec_peru,1,0,IGE,0
34,34,H_Vargas_4115_C,ayavacense,17.016,1.712116952,0.235017626,107.07,ec_peru,2,0,IGE,0
35,35,YU.254905.jpg,ayavacense,18.375,1.669783596,0.260892252,107.07,ec_peru,2,0,IGE,0
36,36,ayavacense 2 northern peru DSCN9782.jpg_B,ayavacense,36.476,2.102340426,0.292911541,4.97,ec_peru,1,0,IGE,0
37,37,YU.254896.jpg,ayavacense,12.772,1.8733876440000001,0.32566218,4.97,ec_peru,1,0,IGE,0
38,38,H_Vargas_4116_A,ayavacense,16.965,1.7682403430000002,0.357621815,107.07,ec_peru,2,0,IGE,0
39,39,YU.254910.jpg,ayavacense,34.5,1.9072723480000002,0.363072251,4.97,ec_peru,1,0,IGE,0
40,40,D_Breedlove_7818_B,blandum,8.253,1.729006085,0.0,4.97,chiapas,1,0,SGE,0
41,41,"blandum_MD_1_Zontehuitz,_Chiapas_2015",blandum,14.017999999999999,2.084757348,0.0,4.97,chiapas,1,0,SGE,0
42,42,blandum_D_Breedlove_8720_A_a,blandum,21.799,2.159553696,0.0,4.97,chiapas,1,0,SGE,0
43,43,blandum_D_Breedlove_11627_A_a,blandum,22.773000000000003,1.7792915530000002,0.0,4.97,chiapas,1,0,SGE,0
44,44,blandum_D_E_Breedlove_25036_A_a,blandum,15.530999999999999,2.26463621,0.0,4.97,chiapas,1,0,SGE,0
45,45,blandum_D_E_Breedlove_22809_B,blandum,9.924,2.522341376,0.0,4.97,chiapas,1,0,SGE,0
46,46,blandum_D_E_Breedlove_30429_A,blandum,11.065999999999999,1.886205635,0.0,4.97,chiapas,1,0,SGE,0
47,47,blandum_D_E_Breedlove_31133_A,blandum,8.862,1.9460132890000001,0.0,4.97,chiapas,1,0,SGE,0
48,48,blandum_D_E_Breedlove_42763_A,blandum,23.279,2.27569964,0.0,4.97,chiapas,1,0,SGE,0
49,49,blandum_E_Matuda_401_B,blandum,9.158,2.671613212,0.0,4.97,chiapas,1,0,SGE,0
50,50,blandum_P_J_Stafford_301_E,blandum,6.7170000000000005,2.11077993,0.0,4.97,chiapas,1,0,SGE,0
51,51,blandum_R_J_Hampshire_776_B,blandum,11.0,2.169224715,0.0,4.97,chiapas,1,0,SGE,0
52,52,blandum_MD_464_A,blandum,13.286,2.925155925,0.0,4.97,chiapas,1,0,SGE,0
53,53,blandum_motozintla_5_DSCN7972_a,blandum,15.804,2.089912987,0.044259538,4.97,chiapas,1,0,SGE,0
54,54,blandum_MD_458_A,blandum,8.496,1.9587234040000001,0.06413545400000001,4.97,chiapas,1,0,SGE,0
55,55,D_Breedlove_8116_A,blandum,25.483,2.016953378,0.071571715,4.97,chiapas,1,0,SGE,0
56,56,blandum_A_Sharp_46127_B_a,blandum,18.912,1.970251716,0.07582076,4.97,chiapas,1,0,SGE,0
57,57,blandum_D_Breedlove_11133_B_b,blandum,20.057000000000002,2.174204844,0.076204991,4.97,chiapas,1,0,SGE,0
58,58,blandum_motozintla_2_DSCN8023_a,blandum,16.789,2.3605849119999998,0.083734561,4.97,chiapas,1,0,SGE,0
59,59,blandum_A_Shilom_Ton_703_D_a,blandum,19.319000000000003,1.739893617,0.087542677,4.97,chiapas,1,0,SGE,0
60,60,blandum_motozintla_1_DSCN8000_a,blandum,17.345,1.902553566,0.090624858,4.97,chiapas,1,0,SGE,0
61,61,blandum_J_Steyermark_36813_B_a,blandum,12.222999999999999,2.031069364,0.091873765,4.97,chiapas,1,0,SGE,0
62,62,blandum_motozintla_3_DSCN8065_a,blandum,20.29,2.236245955,0.12012974,4.97,chiapas,1,0,SGE,0
63,63,blandum_motozintla_4_DSCN7908_a,blandum,15.651,2.188204109,0.135214315,4.97,chiapas,1,0,SGE,0
64,64,blandum_J_Steyermark_36853_A_b,blandum,10.463,2.1143426290000003,0.152749491,4.97,chiapas,1,0,SGE,0
65,65,"blandum_MD_3_Zontehuitz,_Chiapas_2016",blandum,15.027999999999999,2.248885842,0.186532363,4.97,chiapas,1,0,SGE,0
66,66,HUH_00266677_C,blandum,12.23,2.202331704,0.261848651,4.97,chiapas,1,0,SGE,0
67,67,blandum_MD_323_A,blandum,6.301,2.048509348,0.436014825,4.97,chiapas,1,0,SGE,0
68,68,"blandum_MD_2_Zontehuitz,_Chiapas_2015",blandum,22.96,1.877344146,0.58532017,4.97,chiapas,1,0,SGE,0
69,69,A_Ceron_C_1023_A_b,caudatum,48.398999999999994,1.4259202919999998,0.0,4.97,east_mexico,1,0,IGE,0
70,70,caudatum_J_L_Contreras_5322_D_b,caudatum,21.936,1.299115808,0.0,4.97,east_mexico,1,0,IGE,0
71,71,L_Caamano_Onofre_10744_A_b,caudatum,39.54,1.3441176469999998,0.0,4.97,east_mexico,1,0,IGE,0
72,72,caudatum_MD_28_A,caudatum,38.858000000000004,1.153940134,0.0,4.97,east_mexico,1,0,IGE,0
73,73,caudatum_MD_38_A,caudatum,54.413000000000004,1.279695569,0.0,4.97,east_mexico,1,0,IGE,0
74,74,caudatum_MD_43_A,caudatum,59.227,1.177705574,0.0,4.97,east_mexico,1,0,IGE,0
75,75,caudatum_J_L_Contreras_5458_D_a,caudatum,25.750999999999998,1.307108626,0.037830067,4.97,east_mexico,1,0,IGE,0
76,76,L_Caamano_Onofre_9270_A_b,caudatum,23.259,1.0660216279999999,0.04014452,4.97,east_mexico,1,0,IGE,0
77,77,caudatum_MD_29_A,caudatum,62.907,1.3579427080000002,0.048697345999999996,4.97,east_mexico,1,0,IGE,0
78,78,P03319981_A,caudatum,43.599,1.475220085,0.056715064,4.97,east_mexico,1,0,IGE,0
79,79,caudatum_J_L_Contreras_4877_A_a,caudatum,33.463,1.555215896,0.063449764,4.97,east_mexico,1,0,IGE,0
80,80,caudatum_A_J_Coombes_1226_A_b,caudatum,61.552,1.595377372,0.07558198099999999,4.97,east_mexico,1,0,IGE,0
81,81,caudatum_J_L_Contreras_5878_B_a,caudatum,63.181999999999995,1.27763075,0.102522042,4.97,east_mexico,1,0,IGE,0
82,82,L_Caamano_Onofre_10749_A_a,caudatum,42.496,1.294154036,0.194653517,4.97,east_mexico,1,0,IGE,0
83,83,E00259172_A,caudatum,42.324,1.2715821809999999,0.20289267,4.97,east_mexico,1,0,IGE,0
84,84,"caudatum_MD_1_Honey,_Puelbla_2016",caudatum,18.248,1.61906019,0.223144553,4.97,east_mexico,1,0,IGE,0
85,85,L_Caamano_Onofre_10746_A_b,caudatum,73.944,1.262389995,0.295119183,4.97,east_mexico,1,0,IGE,0
86,86,caudatum_J_L_Contreras_4899_C_a,caudatum,38.383,1.036260376,0.50629707,4.97,east_mexico,1,0,IGE,0
87,87,ciliatum_Y_A_Vargas_225_D,ciliatum,16.652,1.5915068490000002,0.7224454779999999,4.97,east_mexico,1,0,D,2
88,88,MO_746123_A,ciliatum,32.137,1.4474327630000001,0.85684908,4.97,east_mexico,1,0,D,2
89,89,ciliatum_Mercier_447_A,ciliatum,24.636999999999997,1.443157443,1.03477586,4.97,east_mexico,1,0,D,2
90,90,ciliatum_MD_1_Honey_Puebla_2016,ciliatum,18.195,1.668545357,1.104023553,4.97,east_mexico,1,0,D,2
91,91,P00644620_C,ciliatum,9.695,1.28483871,1.336411129,4.97,east_mexico,1,0,D,2
92,92,ciliatum 2 DSCN0815.jpg,ciliatum,12.787,1.486102719,1.62189559,4.97,east_mexico,1,0,D,2
93,93,ciliatum_MD_31_A,ciliatum,12.532,1.611888112,1.6996892,4.97,east_mexico,1,0,D,2
94,94,ciliatum 1 DSCN0817.jpg,ciliatum,12.373,1.306075439,1.917653694,4.97,east_mexico,1,0,D,2
95,95,ciliatum 3 DSCN0828.jpg,ciliatum,6.999,1.40548054,1.9418925980000001,4.97,east_mexico,1,0,D,2
96,96,E_Little_6017_A,costaricanum,17.445,2.063395306,0.0,4.97,costa_rica,1,0,IGE,0
97,97,costaricanum_A_Smith_4172_C_a,costaricanum,26.811,1.9240265909999998,0.0,4.97,costa_rica,1,0,IGE,0
98,98,costaricanum_A_Tonduz_11923_E_a,costaricanum,10.515,2.491803279,0.0,4.97,costa_rica,1,0,IGE,0
99,99,costaricanum_D_Hazlett_5097_B_a,costaricanum,18.709,2.285935564,0.0,4.97,costa_rica,1,0,IGE,0
100,100,costaricanum_G_Hartshorn_1455_A_b,costaricanum,38.273,2.24490234,0.0,4.97,costa_rica,1,0,IGE,0
101,101,costaricanum_G_Hartshorn_1466_B_b,costaricanum,11.24,2.374338086,0.0,4.97,costa_rica,1,0,IGE,0
102,102,costaricanum_G_Hartshorn_1760_B_a,costaricanum,26.133000000000003,2.33086289,0.0,4.97,costa_rica,1,0,IGE,0
103,103,costaricanum_L_Williams_28204_A_b,costaricanum,30.44,2.176303318,0.0,4.97,costa_rica,1,0,IGE,0
104,104,costaricanum_W_Burger_7718_C_b,costaricanum,24.278000000000002,2.294197766,0.0,4.97,costa_rica,1,0,IGE,0
105,105,costaricanum_MD_620_A,costaricanum,34.461999999999996,1.7800604230000001,0.0,4.97,costa_rica,1,0,IGE,0
106,106,A_Smith_4123_B,costaricanum,35.522,2.04916986,0.107146684,4.97,costa_rica,1,0,IGE,0
107,107,M_Mart_7354_A,costaricanum,7.8420000000000005,2.306102835,0.112764998,4.97,costa_rica,1,0,IGE,0
108,108,costaricanum_A_Molina_18299_A_b,costaricanum,18.491,3.295548073,0.142495814,4.97,costa_rica,1,0,IGE,0
109,109,W_Lent_2367_A,costaricanum,11.343,1.809911504,0.15315499300000002,4.97,costa_rica,1,0,IGE,0
110,110,costaricanum_MD_615_A,costaricanum,32.389,2.1973684209999997,0.158197811,4.97,costa_rica,1,0,IGE,0
111,111,costaricanum_A_Marenes_17160_A_a,costaricanum,16.432000000000002,1.981840566,0.168598525,4.97,costa_rica,1,0,IGE,0
112,112,HUH_00266662_A,costaricanum,35.494,2.5169683259999998,0.20934266399999998,4.97,costa_rica,1,0,IGE,0
113,113,K_Barringer_2292_B,costaricanum,9.241,2.193868739,0.22181556,4.97,costa_rica,1,0,IGE,0
114,114,costaricanum_A_Molina_18266_A_b,costaricanum,40.928000000000004,2.178286649,0.24253530199999998,4.97,costa_rica,1,0,IGE,0
115,115,HUH_00266663_A,costaricanum,18.129,2.362444018,0.318763199,4.97,costa_rica,1,0,IGE,0
116,116,costaricanum_A_Cascante_854_C_a,costaricanum,13.067,1.970061941,0.491231517,4.97,costa_rica,1,0,IGE,0
117,117,costaricanum DSCN3367.jpeg,costaricanum,27.35,2.439650609,0.163912929,4.97,costa_rica,1,0,IGE,0
118,118,costaricanum DSCN3449.jpeg,costaricanum,22.813000000000002,2.836875,0.0,4.97,costa_rica,1,0,IGE,0
119,119,costaricanum DSCN3455.jpeg,costaricanum,31.819000000000003,3.105481728,0.079738458,4.97,costa_rica,1,0,IGE,0
120,120,costaricanum DSCN3788.jpeg,costaricanum,48.331,1.554513668,0.0,4.97,costa_rica,1,0,IGE,0
121,121,costaricanum DSCN3816.jpeg,costaricanum,25.559,2.0678094280000003,0.0,4.97,costa_rica,1,0,IGE,0
122,122,dentatum D E Atha_14047_A.jpg (blue),dentatum,55.968,1.39384615384615,0.587227795448985,107.07,ena,2,0,D,2
123,123,ELS599_1_to_10.jpg (blue),dentatum,12.991,1.7067137809187298,0.8245622544502109,107.07,ena,2,0,D,2
124,124,ELS646_1_to_4.jpg (blue),dentatum,60.126000000000005,1.03487966515521,0.881698150638129,107.07,ena,2,0,D,2
125,125,dentatum D E Atha_14049_A.jpg (blue),dentatum,31.846999999999998,1.4181784178043797,0.908471496706791,107.07,ena,2,0,D,2
126,126,dentatum J F Poggenburg_sn_A.jpg (blue),dentatum,18.223,1.17533198289444,0.952660120181738,107.07,ena,2,0,D,2
127,127,dentatum D E Atha_14473_A.jpg (blue),dentatum,23.197,1.91147290765708,0.953583670523956,107.07,ena,2,0,D,2
128,128,dentatum N H Holmgren 9828_B.jpg (blue),dentatum,14.24,1.4329491144222701,0.9625380202518001,107.07,ena,2,0,D,2
129,129,dentatum Kerry Barringer_9777_A.jpg (blue),dentatum,31.022,1.4759327276242,1.00502512562814,107.07,ena,2,0,D,2
130,130,dentatum D E Atha_15633_B.jpg (blue),dentatum,23.496,1.3270850884583,1.01648972215948,107.07,ena,2,0,D,2
131,131,dentatum W Hess 8729_A.jpg (blue),dentatum,27.122,1.10951783473741,1.02428547827524,107.07,ena,2,0,D,2
132,132,dentatum Kerry Barringer_8414_A.jpg (blue),dentatum,13.825999999999999,1.43072976054732,1.05724210844283,107.07,ena,2,0,D,2
133,133,dentatum D E Atha_14048_B.jpg (blue),dentatum,22.747,1.0693697156033801,1.07104605498036,107.07,ena,2,0,D,2
134,134,ELS623_1_to_6.jpg (blue),dentatum,24.590999999999998,1.23890988661229,1.1147540983606599,107.07,ena,2,0,D,2
135,135,ELS570_1_to_4.jpg (blue),dentatum,34.827,1.18753068237604,1.13321205976203,107.07,ena,2,0,D,2
136,136,ELS617_13_to_15.jpg (blue),dentatum,31.496,1.12707460184409,1.1616954474097299,107.07,ena,2,0,D,2
137,137,dentatum D E Atha_14459_B.jpg (blue),dentatum,25.664,1.10134018725904,1.1837821840781297,107.07,ena,2,0,D,2
138,138,dentatum unknown sn_A.jpg (blue),dentatum,24.13,1.11929757587326,1.18955986285075,107.07,ena,2,0,D,2
139,139,discolor_MD_463_B,discolor,10.612,1.750539957,0.0,4466.34,chiapas,4,1,LPT,1
140,140,discolor_MD_466_A,discolor,12.034,2.414847162,0.0,4466.34,chiapas,4,1,LPT,1
141,141,discolor_MD_462_A,discolor,17.758,1.938799414,0.045865248,4466.34,chiapas,4,1,LPT,1
142,142,discolor_motozintla_2_DSCN8051_a,discolor,38.895,2.01715439,0.090165905,4466.34,chiapas,4,1,LPT,1
143,143,L_Williams_15313_B,discolor,10.345,1.871089333,0.106575722,4466.34,chiapas,4,1,LPT,1
144,144,HUH_00266666_A,discolor,17.464000000000002,1.73958042,0.276352152,4466.34,chiapas,4,1,LPT,1
145,145,discolor_M_Veliz_997274_D,discolor,8.568,1.710891089,0.309405941,4466.34,chiapas,4,1,LPT,1
146,146,HFM_983454_A,discolor,21.594,1.6196601940000002,0.31814205,4466.34,chiapas,4,1,LPT,1
147,147,discolor_MD_505_B,discolor,19.34,2.0944881890000002,0.327560087,4466.34,chiapas,4,1,LPT,1
148,148,discolor_V_Budo_1_A,discolor,22.919,1.95880829,0.337381916,4466.34,chiapas,4,1,LPT,1
149,149,discolor_A_Sharp_4514__A_b,discolor,15.388,1.8169914740000002,0.39306244799999995,4466.34,chiapas,4,1,LPT,1
150,150,discolor_motozintla_1_DSCN8033_a,discolor,41.599,1.8205413419999998,0.418986054,4466.34,chiapas,4,1,LPT,1
151,151,L_Williams_16830_B_a,discolor,10.628,2.009633911,0.42328042299999996,4466.34,chiapas,4,1,LPT,1
152,152,discolor_MD_508_A,discolor,21.953000000000003,1.758214196,0.501349788,4466.34,chiapas,4,1,LPT,1
153,153,CNHM_1614882_A,discolor,13.199000000000002,1.830693069,0.514668039,4466.34,chiapas,4,1,LPT,1
154,154,L_Williams_14267_B_b,discolor,15.748,1.6687824580000001,0.545876359,4466.34,chiapas,4,1,LPT,1
155,155,discolor_MD_506_A,discolor,35.236,2.012920991,0.616378045,4466.34,chiapas,4,1,LPT,1
156,156,discolor_MD_504_A,discolor,40.214,1.4260680909999999,0.645729381,4466.34,chiapas,4,1,LPT,1
157,157,discolor_MD_507_A,discolor,23.483,1.6146874269999998,0.694034771,4466.34,chiapas,4,1,LPT,1
158,158,F_W_Hunnewell_17260_A_a,discolor,17.633,1.606741573,0.7587592059999999,4466.34,chiapas,4,1,LPT,1
159,159,C_Gnakmala_2438_A,disjunctum,56.153,2.275825156,0.061767794,973.72,chiapas,3,1,LPT,1
160,160,L_Williams_42044_A,disjunctum,65.184,2.55536059,0.086931954,973.72,chiapas,3,1,LPT,1
161,161,disjunctum_A_Molina_6895_A_b,disjunctum,109.26299999999999,1.5450521659999998,0.12625351699999998,973.72,chiapas,3,1,LPT,1
162,162,disjunctum_R_Wilbur_14893_B,disjunctum,52.865,1.9057714959999998,0.148107921,973.72,chiapas,3,1,LPT,1
163,163,disjunctum_MD_3_A_b,disjunctum,91.816,2.143959913,0.19590557399999997,973.72,chiapas,3,1,LPT,1
164,164,L_Williams_40142_A,disjunctum,70.594,2.491674992,0.198799253,973.72,chiapas,3,1,LPT,1
165,165,disjunctum_H_von_Tuerckheim_977_B,disjunctum,38.717,3.244227809,0.267151101,973.72,chiapas,3,1,LPT,1
166,166,disjunctum_MD_481_C_a,disjunctum,87.53399999999999,1.664304045,0.428010496,973.72,chiapas,3,1,LPT,1
167,167,disjunctum_lagos_1_DSCN7811_a,disjunctum,239.234,1.760453094,0.48036064,973.72,chiapas,3,1,LPT,1
168,168,disjunctum_MD_482_A_a,disjunctum,94.618,1.620621666,0.49260247,973.72,chiapas,3,1,LPT,1
169,169,disjunctum_MD_698_A_a,disjunctum,184.894,2.130029487,0.50684821,973.72,chiapas,3,1,LPT,1
170,170,K000573711_A,fuscum,20.046,2.258477097,0.0,4.97,oaxaca,1,0,IGE,0
171,171,fuscum_G_J_Martin_623_C,fuscum,29.147,2.0574523190000003,0.0,4.97,oaxaca,1,0,IGE,0
172,172,hartwegii_totontepec_2_DSCN7489_a,fuscum,46.153,1.776077886,0.0,4.97,oaxaca,1,0,IGE,0
173,173,fuscum  Img0069.TIF_A,fuscum,62.078,2.20949674,0.0,4.97,oaxaca,1,0,IGE,0
174,174,fuscum Img0071.TIF_Edwards_603_A,fuscum,45.908,1.97737723,0.0,4.97,oaxaca,1,0,IGE,0
175,175,fuscum Img0065.TIF_Edwards_604_A,fuscum,47.424,1.659482759,0.0,4.97,oaxaca,1,0,IGE,0
176,176,fuscum Img0117.TIF_hartwegii_totontepec_10_B,fuscum,39.768,2.281468903,0.0,4.97,oaxaca,1,0,IGE,0
177,177,fuscum Img0111.TIF_hartwegii_totontepec_9_A,fuscum,19.82,3.0256232689999996,0.0,4.97,oaxaca,1,0,IGE,0
178,178,fuscum Img0062.TIF_Edwards_605_C,fuscum,18.048,1.560854835,0.0,4.97,oaxaca,1,0,IGE,0
179,179,hartwegii_totontepec_1_DSCN7411_a,fuscum,46.98,1.996893842,0.05527916,4.97,oaxaca,1,0,IGE,0
180,180,fuscum_R_Torres_10425_A_a,fuscum,25.605,2.258752303,0.065677131,4.97,oaxaca,1,0,IGE,0
181,181,fuscum_R_L_Luna_486_A,fuscum,29.421999999999997,1.703561527,0.071123755,4.97,oaxaca,1,0,IGE,0
182,182,hallii_M_Penafiel_110_A,hallii,34.438,1.668942645,0.0,107.07,ec_col,2,0,IGE,0
183,183,hallii2.jpg,hallii,38.242,1.6356304990000001,0.032023569,107.07,ec_col,2,0,IGE,0
184,184,hallii3.jpg,hallii,12.946,3.3143497760000002,0.045475216,107.07,ec_col,2,0,IGE,0
185,185,hallii_V_Zak_2563_A,hallii,18.102999999999998,1.907652474,0.08881389,107.07,ec_col,2,0,IGE,0
186,186,hallii_M_Penafiel_226_B,hallii,19.336,1.592573754,0.136301681,107.07,ec_col,2,0,IGE,0
187,187,M_Acosta_Solis_14621_B,hallii,13.460999999999999,1.4385863269999999,0.160978751,107.07,ec_col,2,0,IGE,0
188,188,H_Vargas_4152_A,hallii,18.047,2.150198838,0.219307864,107.07,ec_col,2,0,IGE,0
189,189,hallii_W_Palacios_11815_A,hallii,25.337,2.2864749730000002,0.24835905600000002,107.07,ec_col,2,0,IGE,0
190,190,hallii4.jpg,hallii,10.151,2.19447878,0.340271083,107.07,ec_col,2,0,IGE,0
191,191,hallii1.jpg,hallii,8.854,2.65631068,0.8748906390000001,107.07,ec_col,2,0,IGE,0
192,192,hartwegii_MD_2_Ocosingo_Chiapas_2016,hartwegii,21.663,2.572999389,0.0,4.97,chiapas,1,0,IGE,0
193,193,hartwegii_A_Molina_7828_A_a,hartwegii,22.61,2.196961326,0.0,4.97,chiapas,1,0,IGE,0
194,194,hartwegii_A_Molina_25003_A_a,hartwegii,32.205,2.816037736,0.0,4.97,chiapas,1,0,IGE,0
195,195,hartwegii_E_Matuda_18099_A_b,hartwegii,34.258,2.575941677,0.0,4.97,chiapas,1,0,IGE,0
196,196,hartwegii_H_von_Turckheim_11679_A_b,hartwegii,21.105999999999998,2.082683742,0.0,4.97,chiapas,1,0,IGE,0
197,197,hartwegii_J_Bequaert_2_A_a,hartwegii,78.582,2.091079948,0.0,4.97,chiapas,1,0,IGE,0
198,198,hartwegii_M_J_Huft_2362_A_b,hartwegii,21.988000000000003,2.467933492,0.0,4.97,chiapas,1,0,IGE,0
199,199,A_Skutch_896_D_a,hartwegii,44.541000000000004,1.6628424659999999,0.0,4.97,chiapas,1,0,IGE,0
200,200,Ghiesbreght_809_A_a,hartwegii,45.418,2.84538598,0.0,4.97,chiapas,1,0,IGE,0
201,201,L_de_Ayarza_3972_A_a,hartwegii,32.1,2.6722065969999997,0.0,4.97,chiapas,1,0,IGE,0
202,202,hartwegii_E_Ventura_2321_B_a,hartwegii,41.181000000000004,2.080478088,0.0,4.97,chiapas,1,0,IGE,0
203,203,hartwegii_MD_3_Pueblo_Nuevo,hartwegii,47.449,2.9605933139999996,0.023901716,4.97,chiapas,1,0,IGE,0
204,204,C_A_Purpus_7833_C_a,hartwegii,47.372,2.405831835,0.025199707999999998,4.97,chiapas,1,0,IGE,0
205,205,E_Matuda_4054_A_b,hartwegii,29.046999999999997,2.357485483,0.031110972999999997,4.97,chiapas,1,0,IGE,0
206,206,hartwegii_D_Breedlove_14088_B_a,hartwegii,19.886,2.2243627740000003,0.039439953,4.97,chiapas,1,0,IGE,0
207,207,D_E_Breedlove_21375_A_a,hartwegii,41.247,3.014614279,0.050130339,4.97,chiapas,1,0,IGE,0
208,208,"hartwegii_MD_4_Tenejapa,_Chiapas_2016",hartwegii,17.523,2.664478231,0.086214329,4.97,chiapas,1,0,IGE,0
209,209,hartwegii_lagos_1_DSCN7768_a,hartwegii,31.947,2.977272727,0.087178891,4.97,chiapas,1,0,IGE,0
210,210,hartwegii_MD_5_Tenejapa_Chiapas_2016,hartwegii,31.072,2.331876669,0.098713435,4.97,chiapas,1,0,IGE,0
211,211,hartwegii_A_Molina_26454_A_a,hartwegii,37.872,2.166384061,0.11516425300000001,4.97,chiapas,1,0,IGE,0
212,212,hartwegii_MD_1_Amatenango_Chiapas_2016,hartwegii,27.747,2.6721672169999997,0.130378096,4.97,chiapas,1,0,IGE,0
213,213,hartwegii_D_Breedlove_13010_B_b,hartwegii,16.987000000000002,2.1783560769999997,0.131222115,4.97,chiapas,1,0,IGE,0
214,214,hirsutum Huatla.MJD.2017.jpg,hirsutum,90.42299999999999,1.259964431,0.22675737,973.72,east_mexico,3,0,D,
215,215,hirsutum huatla -- from Totontepec MJD 006 DSCN5155.jpg,hirsutum,35.007,1.61289709,0.405045712,107.07,east_mexico,2,0,D,
216,216,Img0087.TIF_huatla_6_B,hirsutum,53.48,1.1075117970000001,0.558645032,973.72,east_mexico,3,0,D,
217,217,hirsutum Huatla 2.DSCN5487.jpg,hirsutum,54.864,1.236562001,0.5909874420000001,973.72,east_mexico,3,0,D,
218,218,Img0132.TIF_PWS_3206_B,hirsutum,57.251999999999995,1.144736842,0.820361369,973.72,east_mexico,3,0,D,
219,219,Img0126.TIF_PWS_3208_A,hirsutum,51.39,1.296593468,0.887260102,107.07,east_mexico,2,0,D,
220,220,Img0132.TIF_PWS_3206_A,hirsutum,56.50899999999999,1.043719138,0.9045680690000001,973.72,east_mexico,3,0,D,
221,221,Img0130.TIF_PWS_3207_A,hirsutum,49.302,1.37707346,1.10619469,107.07,east_mexico,2,0,D,
222,222,Img0123.TIF_PWS_3208_B,hirsutum,38.61,1.690838279,1.120533782,107.07,east_mexico,2,0,D,
223,223,Img0128.TIF_PWS_3207_B,hirsutum,49.794,1.341041303,1.258055972,107.07,east_mexico,2,0,D,
224,244,P_Sweeney_1636_A,jamesonii,46.661,1.785714286,0.0,973.72,ec_col,3,1,LPT,1
225,245,jamesonii_O_Rangel_2648_B_a,jamesonii,27.124000000000002,1.918453924,0.0,973.72,ec_col,3,1,LPT,1
226,246,P_Sweeney_1637_A,jamesonii,48.92,1.968533333,0.188131585,973.72,ec_col,3,1,LPT,1
227,247,J_Cuatrecasas_19146_A,jamesonii,66.57600000000001,1.79441292,0.22325959,973.72,ec_col,3,1,LPT,1
228,248,jamesonii_L_U_Uribe_5387_C_b,jamesonii,36.171,1.860904523,0.28859103399999997,973.72,ec_col,3,1,LPT,1
229,249,P_Sweeney_1641_A,jamesonii,29.454,1.933696639,0.359982983,973.72,ec_col,3,1,LPT,1
230,250,G_Lezane_2316_A,jamesonii,15.997,1.694260167,0.40052067700000005,973.72,ec_col,3,1,LPT,1
231,251,P_Sweeney_1640_A,jamesonii,23.951,1.702741021,0.49917444200000005,973.72,ec_col,3,1,LPT,1
232,252,P_Sweeney_1639_A,jamesonii,31.006999999999998,2.007440812,0.571044676,973.72,ec_col,3,1,LPT,1
233,253,J_Cuatrecasas_6166_A,jamesonii,34.17,1.3761337359999999,0.592561609,973.72,ec_col,3,1,LPT,1
234,254,jucundum_A_Mendez_G_7985_A,jucundum,56.926,1.4051796159999999,0.376005816,973.72,chiapas,3,1,LPT,1
235,255,jucundum_MD_357_A,jucundum,51.68,1.548396993,0.389539564,973.72,chiapas,3,1,LPT,1
236,256,jucundum_PWS_3071_A,jucundum,53.488,1.6148752690000001,0.47701539,973.72,chiapas,3,1,LPT,1
237,257,jucundum_A_Mendez_G_8667_A,jucundum,74.455,1.6040582730000001,0.505976852,973.72,chiapas,3,1,LPT,1
238,258,CNHM_1637255_Aa,jucundum,161.623,1.225403195,0.507106535,973.72,chiapas,3,1,LPT,1
239,259,jucundum_D_Breedlove_12027_A_a,jucundum,63.57,1.4998638709999998,0.514817799,973.72,chiapas,3,1,LPT,1
240,260,jucundum_MD_273_A,jucundum,80.15,1.241314658,0.518787519,973.72,chiapas,3,1,LPT,1
241,261,jucundum_MD_351_A,jucundum,74.36399999999999,1.598960364,0.5365732129999999,973.72,chiapas,3,1,LPT,1
242,262,jucundum_MD_352_A,jucundum,59.992,2.138029112,0.545149262,973.72,chiapas,3,1,LPT,1
243,263,jucundum_MD_518_A,jucundum,94.238,1.2137181940000001,0.54525627,973.72,chiapas,3,1,LPT,1
244,264,jucundum_MD_1__Huitepec_Chiapas_2016,jucundum,120.555,1.385104968,0.559420999,973.72,chiapas,3,1,LPT,1
245,265,jucundum_A_Mendez_G_8731_A,jucundum,73.781,1.678027265,0.565315707,973.72,chiapas,3,1,LPT,1
246,266,jucundum_D_Breedlove_10128_A_a,jucundum,69.779,1.407551919,0.629595485,973.72,chiapas,3,1,LPT,1
247,267,jucundum_MD_2350_A,jucundum,59.071000000000005,1.893843224,0.637460708,973.72,chiapas,3,1,LPT,1
248,268,R_Laughlin_128_A,jucundum,59.966,1.779694656,0.651663915,973.72,chiapas,3,1,LPT,1
249,269,jucundum_A_Mendez_G_9189_B,jucundum,58.494,1.250615524,0.681508405,973.72,chiapas,3,1,LPT,1
250,270,jucundum_PWS_3068_A,jucundum,38.733000000000004,1.3707902630000002,0.683751333,973.72,chiapas,3,1,LPT,1
251,271,A_Molina_21264_Aa,jucundum,136.995,1.3653012469999999,0.684432145,973.72,chiapas,3,1,LPT,1
252,272,jucundum_MD_308_A,jucundum,69.73100000000001,1.192374551,0.707001457,973.72,chiapas,3,1,LPT,1
253,273,jucundum_MD_225_A,jucundum,45.001000000000005,1.701361365,0.713575779,973.72,chiapas,3,1,LPT,1
254,274,E_Matuda_2925_A_a,jucundum,104.353,1.20171184,0.7161003220000001,973.72,chiapas,3,1,LPT,1
255,275,MO_746159_A,jucundum,106.384,1.232354063,0.7189914059999999,973.72,chiapas,3,1,LPT,1
256,276,jucundum_MD_2_Yashtinin_Chiapas_2015,jucundum,55.76,1.640772271,0.972811175,973.72,chiapas,3,1,LPT,1
257,277,lasiophyllum_kew_1041_B_a,lasiophyllum,32.533,1.7201956390000002,0.0,973.72,e_col,3,1,LPT,1
258,278,lasiophyllum_C_Parra-O_563_A_a,lasiophyllum,51.743,1.751345182,0.28016698,973.72,e_col,3,1,LPT,1
259,279,lasiophyllum_Huertas_5113_A_b,lasiophyllum,36.578,1.5854243540000001,0.322102686,973.72,e_col,3,1,LPT,1
260,280,lasiophyllum_L_U_Uribe_4125_A_a,lasiophyllum,58.792,1.939320779,0.40244147799999996,973.72,e_col,3,1,LPT,1
261,281,lasiophyllum_L_U_Uribe_4879_A_a,lasiophyllum,39.22,1.952738778,0.415146932,973.72,e_col,3,1,LPT,1
262,282,lasiophyllum_R_Jaramillo_M_4702_A_a,lasiophyllum,41.746,2.017926734,0.454959054,973.72,e_col,3,1,LPT,1
263,283,J_Cuatrecasas_25852_A,lasiophyllum,34.427,2.22723174,0.466894278,973.72,e_col,3,1,LPT,1
264,284,P03268008_A,lasiophyllum,91.664,1.462278934,0.479664235,973.72,e_col,3,1,LPT,1
265,285,P_Sweeney_2175_A,lasiophyllum,47.474,1.657393608,0.509861801,973.72,e_col,3,1,LPT,1
266,286,lasiophyllum_C_Parra-O_238_A_a,lasiophyllum,61.806000000000004,2.005747126,0.5380442089999999,973.72,e_col,3,1,LPT,1
267,287,P03268012_A,lasiophyllum,51.799,1.9418325330000001,0.7113125029999999,973.72,e_col,3,1,LPT,1
268,288,lautum_MD_2_Teopisca_Chiapas_2016,lautum,12.119000000000002,1.824621733,0.0,4.97,chiapas,1,0,SGE,0
269,289,CNHM_1630914_A,lautum,4.541,1.646211313,0.0,4.97,chiapas,1,0,SGE,0
270,290,CNHM_1632581_A,lautum,5.497000000000001,1.9106583069999998,0.0,4.97,chiapas,1,0,SGE,0
271,291,MO_419399_A,lautum,5.2,2.0121278940000002,0.0,4.97,chiapas,1,0,SGE,0
272,292,lautum_A_Mendez_G_9178_D,lautum,0.45399999999999996,1.760907504,0.0,4.97,chiapas,1,0,SGE,0
273,293,lautum_D_E_Breedlove_26156_C,lautum,6.495,1.8881987580000001,0.0,4.97,chiapas,1,0,SGE,0
274,294,lautum_D_E_Breedlove_40675_A,lautum,4.06,1.526630435,0.0,4.97,chiapas,1,0,SGE,0
275,295,lautum_D_E_Breedlove_51786_B,lautum,3.3280000000000003,1.614814815,0.0,4.97,chiapas,1,0,SGE,0
276,296,lautum_T_B_Croat_40669_E,lautum,4.776,1.635373444,0.0,4.97,chiapas,1,0,SGE,0
277,297,lautum_MD_285_C,lautum,3.5180000000000002,1.3006465520000001,0.0,4.97,chiapas,1,0,SGE,0
278,298,lautum_MD_286_A,lautum,3.821,1.811470409,0.0,4.97,chiapas,1,0,SGE,0
279,299,lautum_MD_289_A,lautum,10.257,1.892272554,0.0,4.97,chiapas,1,0,SGE,0
280,300,lautum_MD_363_A,lautum,7.16,1.418934911,0.0,4.97,chiapas,1,0,SGE,0
281,301,lautum_MD_474_B,lautum,13.311,2.354453969,0.0,4.97,chiapas,1,0,SGE,0
282,302,MO_187679_A,lautum,11.485999999999999,1.7881118880000002,0.055248619000000006,4.97,chiapas,1,0,SGE,0
283,303,lautum_MD_567_B,lautum,3.09,2.021505376,0.10708931199999999,4.97,chiapas,1,0,SGE,0
284,304,lautum_MD_284_A,lautum,11.767999999999999,2.125047081,0.11163829199999999,4.97,chiapas,1,0,SGE,0
285,305,lautum_MD_350_A,lautum,8.1,2.010596026,0.128509927,4.97,chiapas,1,0,SGE,0
286,306,lautum_MD_270_A,lautum,6.55,2.529185022,0.13536379,4.97,chiapas,1,0,SGE,0
287,307,Ghiesbreght_517_C_b,lautum,7.053999999999999,1.8934802569999998,0.144654998,4.97,chiapas,1,0,SGE,0
288,308,lautum_MD_2346_A,lautum,7.61,1.6515276630000002,0.14853323400000001,4.97,chiapas,1,0,SGE,0
289,309,CNHM_167704_A,lautum,13.979000000000001,1.877557649,0.194979283,4.97,chiapas,1,0,SGE,0
290,310,lautum_MD_1_Moxviquil_Chiapas_2016,lautum,25.395,1.6799635290000001,0.24113817199999998,4.97,chiapas,1,0,SGE,0
291,311,lautum_MD_3_Belen_Chiapas_2015,lautum,16.852,1.664623955,0.377020595,4.97,chiapas,1,0,SGE,0
292,312,MO_746165_A,loeseneri,4.243,2.476641842,0.0,107.07,central_mex,2,0,D,2
293,313,loesnerii_R_Torres_C_318_A,loeseneri,2.8480000000000003,1.373538462,0.115566855,107.07,central_mex,2,0,D,2
294,314,loesnerii_M_Huerta_M_97_A,loeseneri,5.391,2.029907558,0.15801532699999998,107.07,central_mex,2,0,D,2
295,315,loeseneri_W_C_Leavenworth_523_A_a,loeseneri,2.546,1.576708508,0.24434942,107.07,central_mex,2,0,D,2
296,316,HUH_00266680_B,loeseneri,5.502999999999999,1.4743119269999998,0.493258796,107.07,central_mex,2,0,D,2
297,317,MO_746162_C,loeseneri,4.293,1.8243789719999999,0.641436818,973.72,central_mex,3,0,D,2
298,318,W_Leavenworth_646_A,loeseneri,5.702999999999999,1.469635628,0.684287058,107.07,central_mex,2,0,D,2
299,319,loeseneri_W_A_Eggler_21_C,loeseneri,2.5860000000000003,1.991446345,0.924534843,973.72,central_mex,3,0,D,2
300,320,loeseneri_M_E_Jones_121_C,loeseneri,8.242,1.8798137959999999,0.935628743,107.07,central_mex,2,0,D,2
301,321,P03319301_A,loeseneri,3.077,1.692965155,1.624431449,107.07,central_mex,2,0,D,2
302,322,Img0035.jpg_EE_607_B,membranaceum,26.967,2.251472471,0.344204457,4.97,oaxaca,1,0,D,
303,323,Img0035.jpg_EE_607_A,membranaceum,27.21,2.331258106,0.348233506,4.97,oaxaca,1,0,D,
304,324,Img0034.jpg_EE_606_A,membranaceum,12.724,1.4919575109999998,0.371011625,107.07,oaxaca,2,0,D,
305,325,membranaceum Oaxaca Mirador.DSCN9406_B,membranaceum,41.176,1.707453528,0.38898863,4.97,oaxaca,1,0,D,
306,326,stenocalyx_mirador_1_DSCN7512_a,membranaceum,28.136999999999997,2.394519131,0.401652513,4.97,oaxaca,1,0,D,
307,327,membranaceum Oaxaca Mirador.DSCN9406_A,membranaceum,28.52,1.933087217,0.408563491,4.97,oaxaca,1,0,D,
308,328,Img0034.jpg_EE_606_B,membranaceum,14.725999999999999,1.240226337,0.45255694700000004,107.07,oaxaca,2,0,D,
309,329,Img0034.jpg_EE_606_C,membranaceum,10.948,1.971417826,0.516395559,107.07,oaxaca,2,0,D,
310,330,microcarpum_MD_1_Honey_Puebla_2016,microcarpum,131.643,1.082536366,0.420337615,4466.34,east_mexico,4,1,LPT,1
311,331,microcarpum_J_L_Contreras_J_5090_B,microcarpum,67.26,1.406201948,0.495495495,4466.34,east_mexico,4,1,LPT,1
312,332,microcarpum_MD_32_A,microcarpum,102.209,1.05927463,0.579586948,4466.34,east_mexico,4,1,LPT,1
313,333,microcarpum_L_C_Onofre_3518_A,microcarpum,66.69800000000001,1.242530543,0.613496933,4466.34,east_mexico,4,1,LPT,1
314,334,M_Chazaro_1474_A,microcarpum,66.789,1.311025577,0.656863161,4466.34,east_mexico,4,1,LPT,1
315,335,microcarpum_C_Ceron_1168_A,microcarpum,61.199,1.51309922,0.682097222,4466.34,east_mexico,4,1,LPT,1
316,336,microcarpum_J_L_Contreras_J_9531_A,microcarpum,58.351000000000006,1.426354441,0.7450911640000001,4466.34,east_mexico,4,1,LPT,1
317,337,microcarpum_MD_33_A,microcarpum,75.884,1.172744299,0.7514438459999999,4466.34,east_mexico,4,1,LPT,1
318,338,microcarpum_A_J_Coombes_1233_A,microcarpum,62.15,1.2657139240000002,0.8180943209999999,4466.34,east_mexico,4,1,LPT,1
319,339,microcarpum_A_J_Coombes_1493_A,microcarpum,52.001000000000005,1.252062706,0.8358942840000001,4466.34,east_mexico,4,1,LPT,1
320,340,microcarpum_J_L_Contreras_J_4764_A,microcarpum,82.947,1.223681378,0.8608701409999999,4466.34,east_mexico,4,1,LPT,1
321,341,DSCN3697_A,microcarpum,65.259,1.320307576,0.872264032,4466.34,east_mexico,4,1,LPT,1
322,342,R_Ortega_60_Aa,microcarpum,32.952,1.0710976190000001,0.94621818,4466.34,east_mexico,4,1,LPT,1
323,343,L_Nevling_1047_A,microcarpum,49.802,1.033188665,0.947940152,4466.34,east_mexico,4,1,LPT,1
324,344,G_Diggs_2864_A,microcarpum,71.896,1.150319471,0.9500686159999999,4466.34,east_mexico,4,1,LPT,1
325,345,microcarpum_J_L_Contreras_J_5345_A,microcarpum,39.536,1.223226812,0.9875969440000001,4466.34,east_mexico,4,1,LPT,1
326,346,R_Hernandez_1544_A,microcarpum,75.063,1.277604347,1.0374041840000001,4466.34,east_mexico,4,1,LPT,1
327,347,microcarpum_A_J_Coombes_1266_B,microcarpum,87.178,1.095053635,1.149494827,4466.34,east_mexico,4,1,LPT,1
328,348,microcarpum_J_L_Contreras_J_5470_A,microcarpum,47.233000000000004,1.125444596,1.209422501,4466.34,east_mexico,4,1,LPT,1
329,349,M_Zola_Baez_323_A,microcarpum,35.376999999999995,1.068062827,1.211142511,4466.34,east_mexico,4,1,LPT,1
330,350,HUH_00266683_A,microcarpum,53.556999999999995,1.175397138,1.215906924,4466.34,east_mexico,4,1,LPT,1
331,351,K0005736898_Ab,microcarpum,40.55,0.8395817390000001,1.3323516009999998,4466.34,east_mexico,4,1,LPT,1
332,352,CNHM_1254059_A,microphyllum,17.846,2.509471585,0.0,4.97,central_mex,1,0,SGE,0
333,353,E00259170_B,microphyllum,11.289000000000001,1.7368786930000002,0.0,4.97,central_mex,1,0,SGE,0
334,354,microphyllum_J_N_Labat_800_A_a,microphyllum,4.258,1.998785671,0.0,4.97,central_mex,1,0,SGE,0
335,355,microphyllum_J_Rees_A,microphyllum,16.262999999999998,1.679578468,0.0,4.97,central_mex,1,0,SGE,0
336,356,microphyllum_MD_2491_C,microphyllum,5.82,2.432664756,0.0,4.97,central_mex,1,0,SGE,0
337,357,microphyllum_MD_2492_A,microphyllum,11.252,2.800176835,0.0,4.97,central_mex,1,0,SGE,0
338,358,microphyllum2.jpg,microphyllum,13.465,2.15308292,0.0,4.97,central_mex,1,0,SGE,0
339,359,microphyllum_R_McVaugh_10026_A,microphyllum,13.469000000000001,1.663344752,0.052929656,4.97,central_mex,1,0,SGE,0
340,360,microphyllum1.jpg,microphyllum,9.905,1.621369667,0.0,4.97,central_mex,1,0,SGE,0
341,361,microphyllum_H_Diaz-Barriga_1751_A,microphyllum,9.789,1.765525028,0.063649672,4.97,central_mex,1,0,SGE,0
342,362,CNHM_1510556_A,microphyllum,19.583,3.050717034,0.072280448,4.97,central_mex,1,0,SGE,0
343,363,Chachapoyas_2116_C_a,new_name_1,14.61,1.939618986,0.0,4.97,ec_peru,1,0,SGE,0
344,364,P_Sweeney_1772_A,new_name_1,20.076,1.6873072969999998,0.0,107.07,ec_peru,2,0,SGE,0
345,365,P_Sweeney_1780_B,new_name_1,31.831,1.667545639,0.034092459,107.07,ec_peru,2,0,SGE,0
346,366,triphyllum_B_Sparre_16256_B_b,new_name_1,8.058,2.413191077,0.062027044,4.97,ec_peru,1,0,SGE,0
347,367,P_Sweeney_1775_A,new_name_1,19.588,2.153394064,0.125649187,107.07,ec_peru,2,0,SGE,0
348,368,P_Sweeney_1773_A,new_name_1,22.523000000000003,2.1028973730000002,0.15253203199999998,107.07,ec_peru,2,0,SGE,0
349,369,K000573671_A,new_name_1,15.71,2.295392954,0.219461879,107.07,ec_peru,2,0,SGE,0
350,370,H_Vargas_4128_B,new_name_1,5.034,2.61302682,0.220523375,4.97,ec_peru,1,0,SGE,0
351,371,P_Sweeney_1774_A,new_name_1,16.463,2.033322952,0.257986843,107.07,ec_peru,2,0,SGE,0
352,372,H_Vargas_4106_D,new_name_1,6.75,2.393667546,0.267665953,4.97,ec_peru,1,0,SGE,0
353,373,seemenii_2,new_name_2,4.754,3.160404624,0.0,4.97,peru_bol,1,0,SGE,0
354,374,seemenii_5,new_name_2,11.08,3.851619645,0.0,4.97,peru_bol,1,0,SGE,0
355,375,HUH_00266692_A2b,new_name_2,7.332000000000001,3.2686390530000002,0.0,4.97,peru_bol,1,0,SGE,0
356,376,PWS_3894_a,new_name_2,6.768,3.844355377,0.0,4.97,peru_bol,1,0,SGE,0
357,377,PWS_3899_B_ab,new_name_2,18.055,2.590802283,0.0,4.97,peru_bol,1,0,SGE,0
358,378,PWS_3913_A_b,new_name_2,8.285,2.122476447,0.0,4.97,peru_bol,1,0,SGE,0
359,379,PWS_3900_ab,new_name_2,20.214000000000002,2.266172107,0.039535068,4.97,peru_bol,1,0,SGE,0
360,380,PWS_3895_ab,new_name_2,16.375999999999998,2.6747851000000002,0.041262637000000005,4.97,peru_bol,1,0,SGE,0
361,381,seemenii_1,new_name_2,5.997999999999999,2.819562576,0.059941258,4.97,peru_bol,1,0,SGE,0
362,382,PWS_3898_B_ab,new_name_2,7.979,2.7126614989999998,0.06243366400000001,4.97,peru_bol,1,0,SGE,0
363,383,seemenii_4,new_name_2,11.155,2.636794485,0.103364515,4.97,peru_bol,1,0,SGE,0
364,384,seemenii_3,new_name_2,8.726,2.336084365,0.11808466699999999,4.97,peru_bol,1,0,SGE,0
365,385,PWS_3896_a,new_name_2,11.797,2.905452946,0.146312915,4.97,peru_bol,1,0,SGE,0
366,386,sulcatum_MD_190_B,new_sp_1,29.963,1.615020576,0.036523009,4466.34,oaxaca,4,1,LPT,1
367,387,sulcatum_mirador_1_DSCN7563_a,new_sp_1,60.25,1.8663235059999999,0.09388789800000001,4466.34,oaxaca,4,1,LPT,1
368,388,sulcatum_MD_22_A,new_sp_1,33.898,1.939580242,0.096827292,4466.34,oaxaca,4,1,LPT,1
369,389,sulcatum_PWS_3052_A,new_sp_1,26.823,1.750509396,0.110476892,4466.34,oaxaca,4,1,LPT,1
370,390,sulcatum_MD_209_2A,new_sp_1,45.388000000000005,1.798694425,0.142283942,4466.34,oaxaca,4,1,LPT,1
371,391,sulcatum_MD_24_A,new_sp_1,23.658,2.046663191,0.186943842,4466.34,oaxaca,4,1,LPT,1
372,392,sulcatum_MD_115_A,new_sp_1,52.144,1.889994938,0.228879508,4466.34,oaxaca,4,1,LPT,1
373,393,sulcatum_MD_213_2A,new_sp_1,39.254,2.076437016,0.231173785,4466.34,oaxaca,4,1,LPT,1
374,394,sulcatum_PWS_3053_B,new_sp_1,27.767,1.9768266730000001,0.298445101,4466.34,oaxaca,4,1,LPT,1
375,395,sulcatum_MD_2466_A,new_sp_1,17.659000000000002,2.535594359,0.38494439700000005,4466.34,oaxaca,4,1,LPT,1
376,396,sulcatum_MD_1_Mirador_2015,new_sp_1,63.028999999999996,1.856425856,0.385004091,4466.34,oaxaca,4,1,LPT,1
377,397,sulcatum_PWS_3056_A,new_sp_1,23.451999999999998,1.451499118,0.48853967299999995,4466.34,oaxaca,4,1,LPT,1
378,398,2 fuscum_J_R_Reyes_855_A,new_sp_2,49.988,2.352816766,0.0,107.07,oaxaca,2,0,IGE,0
379,399,fuscum_J_R_Reyes_911_A,new_sp_2,20.653000000000002,2.850510372,0.112355342,107.07,oaxaca,2,0,IGE,0
380,400,fuscum_J_R_Reyes_120_A,new_sp_2,32.73,1.84997893,0.19501413899999998,107.07,oaxaca,2,0,IGE,0
381,401,fuscum_totontepec_1_DSCN7397_a,new_sp_2,60.732,2.2844620140000003,0.023241221,107.07,oaxaca,2,0,IGE,0
382,402,fuscum old concept totontepec Oaxaca.DSCN5267.jpeg_A,new_sp_2,51.553000000000004,1.788544074,0.026147208999999998,107.07,oaxaca,2,0,IGE,0
383,403,fuscum old concept totontepec Oaxaca.DSCN5267.jpeg_B,new_sp_2,51.8,2.074671869,0.026721535,107.07,oaxaca,2,0,IGE,0
384,404,new species (former fuscum) 2 DSCN0855.jpg,new_sp_2,30.151999999999997,1.798701299,0.0,107.07,oaxaca,2,0,IGE,0
385,405,fuscum_mirador_1_DSCN7545_a,new_sp_2,21.515,2.040665939,0.03765202,107.07,oaxaca,2,0,IGE,0
386,406,new species (former fuscum) DSCN0806.jpg,new_sp_2,17.192,2.013952078,0.0,107.07,oaxaca,2,0,IGE,0
387,407,YU_101629_A,new_sp_2,28.563000000000002,1.6744635190000001,0.137959578,107.07,oaxaca,2,0,IGE,0
388,408,fuscum_MD_1_Mirador_2015,new_sp_2,45.309,2.531001257,0.15000375,107.07,oaxaca,2,0,IGE,0
389,409,YU_101633_A,new_sp_2,16.999000000000002,2.022623051,0.165241459,107.07,oaxaca,2,0,IGE,0
390,410,fuscum_MD_2_Mirador_2015,new_sp_2,36.913000000000004,2.254489707,0.26392187899999997,107.07,oaxaca,2,0,IGE,0
391,411,fuscum_J_R_Reyes_856_A,new_sp_2,15.934000000000001,2.002513352,0.046048995999999995,107.07,oaxaca,2,0,IGE,0
392,412,obtusatum_MD_1_Zonetehuitz_Chiapas_2016,obtusatum,6.183,1.8840508809999998,0.0,4.97,chiapas,1,0,SGE,0
393,413,D_Breedlove_9077_A,obtusatum,9.154,2.360036004,0.0,4.97,chiapas,1,0,SGE,0
394,414,"obtusatum_MD_2_Zontehuitz,_Chiapas_2015",obtusatum,12.8,2.363290175,0.0,4.97,chiapas,1,0,SGE,0
395,415,obtusatum_D_E_Breedlove_40924_C,obtusatum,3.464,2.282733813,0.0,4.97,chiapas,1,0,SGE,0
396,416,obtusatum_D_E_Breedlove_53579_A,obtusatum,3.2260000000000004,2.129589633,0.0,4.97,chiapas,1,0,SGE,0
397,417,obtusatum_MD_331_A,obtusatum,4.447,1.986966825,0.0,4.97,chiapas,1,0,SGE,0
398,418,obtusatum_MD_2359_C,obtusatum,4.7139999999999995,1.956050228,0.0,4.97,chiapas,1,0,SGE,0
399,419,obtusatum_MD_2422_A,obtusatum,5.3629999999999995,1.8661787769999998,0.0,4.97,chiapas,1,0,SGE,0
400,420,obtusatum_D_E_Breedlove_8118_B,obtusatum,6.785,1.79790146,0.0,4.97,chiapas,1,0,SGE,0
401,421,Img0080.TIF_huatla_4_A,obtusatum,10.373,2.3817409769999998,0.0,4.97,chiapas,1,0,SGE,0
402,422,P_Sweeney_1670_A,pichinchense,12.833,1.6501429930000002,0.0,973.72,ec_col,3,1,LPT,1
403,423,P_Sweeney_1671_A,pichinchense,41.547,2.329905561,0.0,973.72,ec_col,3,1,LPT,1
404,424,pichinchense_Frutillas_889_B_a,pichinchense,20.096,1.945945946,0.0,973.72,ec_col,3,1,LPT,1
405,425,pichinchense_P_Franco_3102_A_b,pichinchense,50.604,2.1644061580000002,0.0,973.72,ec_col,3,1,LPT,1
406,426,pichinchense_P_M_Jorgensen_65499_A,pichinchense,33.997,2.145146928,0.0,973.72,ec_col,3,1,LPT,1
407,427,pichinchense_P_M_Jorgensen_92441_A,pichinchense,44.161,1.438419706,0.0,973.72,ec_col,3,1,LPT,1
408,428,pichinchense_P_M_Jorgensen_92558_A,pichinchense,35.427,1.5240808819999998,0.067437704,973.72,ec_col,3,1,LPT,1
409,429,HUH_00266689_A,pichinchense,25.595,1.6397487659999999,0.069565217,973.72,ec_col,3,1,LPT,1
410,430,pichinchense_M_P_Galeano_453_D_b,pichinchense,38.784,1.6833456430000002,0.121769308,973.72,ec_col,3,1,LPT,1
411,431,pichinchense_M_C_Velez_1712_A_b,pichinchense,65.795,2.281023102,0.123846678,973.72,ec_col,3,1,LPT,1
412,432,V_Zak_1935_A,pichinchense,32.174,2.2700094159999997,0.123885035,973.72,ec_col,3,1,LPT,1
413,433,A_Gentry_14371_A,pichinchense,75.828,1.796480698,0.132896252,973.72,ec_col,3,1,LPT,1
414,434,E_Gudino_207_A,pichinchense,34.491,1.667381138,0.133918109,973.72,ec_col,3,1,LPT,1
415,435,K000573686_A,pichinchense,30.826,1.816089482,0.13713188699999998,973.72,ec_col,3,1,LPT,1
416,436,P_Sweeney_1672_A,pichinchense,19.158,2.438507746,0.204808913,973.72,ec_col,3,1,LPT,1
417,437,F_Roldan_118_A,pichinchense,28.281999999999996,2.118117875,0.21267545699999998,973.72,ec_col,3,1,LPT,1
418,438,HUH_00266688_A,pichinchense,27.969,1.481337956,0.21626297600000002,973.72,ec_col,3,1,LPT,1
419,439,pichinchense_J_H_Torres_1935_A_b,pichinchense,30.340999999999998,1.92324855,0.240013715,973.72,ec_col,3,1,LPT,1
420,440,G_Bedoya_82_A,pichinchense,33.524,2.589408867,0.247264635,973.72,ec_col,3,1,LPT,1
421,441,MO-1846367_A,pichinchense,40.83,1.3664072630000001,0.25455818199999997,973.72,ec_col,3,1,LPT,1
422,442,pichinchense_anti_D_Molina_239_A_b,pichinchense,24.978,1.9215830880000002,0.295836107,973.72,ec_col,3,1,LPT,1
423,443,Bernal_34_B,pichinchense,41.532,1.8128124419999998,0.35165865700000004,973.72,ec_col,3,1,LPT,1
424,444,MO_5678760_a,reticulatum,24.203000000000003,1.5279447780000002,0.0,4466.34,ec_peru,4,1,LPT,1
425,445,PWS_1709_b,reticulatum,49.418,1.8013536380000001,0.079318915,4466.34,ec_peru,4,1,LPT,1
426,446,MO_5678759_C_a,reticulatum,20.802,1.85574378,0.08364701,4466.34,ec_peru,4,1,LPT,1
427,447,PWS_1711_a,reticulatum,47.119,1.8654558280000002,0.104444096,4466.34,ec_peru,4,1,LPT,1
428,448,MO_5295429_A_a,reticulatum,26.526999999999997,2.575807788,0.129533679,4466.34,ec_peru,4,1,LPT,1
429,449,stipitatum_PWS_1706_A,reticulatum,71.39699999999999,1.638829216,0.13946353,4466.34,ec_peru,4,1,LPT,1
430,450,MO_5199578_a,reticulatum,21.685,2.674758792,0.14959982,4466.34,ec_peru,4,1,LPT,1
431,451,PWS_1708_b,reticulatum,54.769,1.469085631,0.166283291,4466.34,ec_peru,4,1,LPT,1
432,452,PWS_1700_a,reticulatum,30.465,1.741894469,0.168497675,4466.34,ec_peru,4,1,LPT,1
433,453,J_Campos_3304_A,reticulatum,44.976000000000006,1.747074236,0.28133711899999997,4466.34,ec_peru,4,1,LPT,1
434,454,reticulatum_J_G_Sanchez_282_A,reticulatum,27.345,1.6405469940000001,0.330335841,4466.34,ec_peru,4,1,LPT,1
435,455,reticulatum_J_Campos_4625_A,reticulatum,76.358,1.52593335,0.340545327,4466.34,ec_peru,4,1,LPT,1
436,456,PWS_1702_a,reticulatum,26.015,1.3914736630000002,0.397709195,4466.34,ec_peru,4,1,LPT,1
437,457,K_Young_4979_C,reticulatum,30.754,1.432013769,0.398190045,4466.34,ec_peru,4,1,LPT,1
438,458,reticulatum_S_Flores_69_A,reticulatum,38.023,2.222412685,0.429135435,4466.34,ec_peru,4,1,LPT,1
439,459,MO-436493_A,reticulatum,99.014,1.7052802980000001,0.473260767,4466.34,ec_peru,4,1,LPT,1
440,460,reticulatum_H_van_der_Werff_16998_B,reticulatum,31.495,2.37135214,0.479355746,4466.34,ec_peru,4,1,LPT,1
441,461,MO_436140_A,reticulatum,54.223,1.9145711909999998,0.555998743,4466.34,ec_peru,4,1,LPT,1
442,462,reticulatum_A_Gentry_61149_A,reticulatum,65.3,1.836231238,0.559258051,4466.34,ec_peru,4,1,LPT,1
443,463,reticulatum_A_Gentry_61487_A,reticulatum,23.223000000000003,2.173806941,0.624701429,4466.34,ec_peru,4,1,LPT,1
444,464,reticulatum_A_Weberbauer_6241_A,reticulatum,22.215999999999998,2.3424460430000003,0.721153846,4466.34,ec_peru,4,1,LPT,1
445,465,MO-436163_B,reticulatum,40.341,1.953969183,0.763682647,4466.34,ec_peru,4,1,LPT,1
446,466,reticulatum_R_A_Ferreyra_15249_A,reticulatum,34.625,1.704286276,0.8352071959999999,4466.34,ec_peru,4,1,LPT,1
447,467,ayavacense_2_siberia,seemenii,20.419,2.2700945630000002,0.0,4.97,peru_bol,1,0,IGE,0
448,468,D_Soto_120_A,seemenii,17.823,1.9058243990000001,0.0,4.97,peru_bol,1,0,IGE,0
449,469,J_Cornejo_172_A,seemenii,46.105,2.004989836,0.0,4.97,peru_bol,1,0,IGE,0
450,470,J_Wood_17732_A,seemenii,39.296,1.5060721719999999,0.0,4.97,peru_bol,1,0,IGE,0
451,471,PWS_3883_2_A_b,seemenii,29.005,2.32221665,0.0,4.97,peru_bol,1,0,IGE,0
452,472,PWS_3890_b,seemenii,18.644000000000002,1.933219178,0.0,4.97,peru_bol,1,0,IGE,0
453,473,PWS_3893_ab,seemenii,22.958000000000002,1.737201365,0.0,4.97,peru_bol,1,0,IGE,0
454,474,PWS_3903_A_a,seemenii,9.863999999999999,1.657464584,0.0,4.97,peru_bol,1,0,IGE,0
455,475,PWS_3907_E_b,seemenii,18.351,2.474129515,0.0,4.97,peru_bol,1,0,IGE,0
456,476,ayavacense_1_chapare,seemenii,52.036,1.90157547,0.027434842,4.97,peru_bol,1,0,IGE,0
457,477,PWS_3886_2_B_a,seemenii,9.052,2.161974881,0.061915671,4.97,peru_bol,1,0,IGE,0
458,478,FM_162452_A,seemenii,52.3,2.234658362,0.096871065,4.97,peru_bol,1,0,IGE,0
459,479,I_Vargas_2371_A,seemenii,36.83,1.7451774690000001,0.155656559,4.97,peru_bol,1,0,IGE,0
460,480,ayavacense_3_Sud_Yungas,seemenii,22.15,2.143920596,0.159039402,4.97,peru_bol,1,0,IGE,0
461,481,PWS_3887_B_a,seemenii,23.526,2.7254901960000004,0.186755313,4.97,peru_bol,1,0,IGE,0
462,482,PWS_3885_2_a,seemenii,15.73,2.192918597,0.22692203,4.97,peru_bol,1,0,IGE,0
463,483,PWS_3904_A_a,seemenii,45.566,1.355188751,0.243850398,4.97,peru_bol,1,0,IGE,0
464,484,PWS_3884_2_B_a,seemenii,26.631999999999998,2.0799900940000002,0.247323605,4.97,peru_bol,1,0,IGE,0
465,485,PWS_3901_B_ab,seemenii,23.93,1.767581888,0.319463302,4.97,peru_bol,1,0,IGE,0
466,486,FM_495808_A,seemenii,10.554,2.447289799,0.36561161600000003,4.97,peru_bol,1,0,IGE,0
467,487,ayavacense_4_Sud_Yungas,seemenii,26.474,2.463368478,0.421170855,4.97,peru_bol,1,0,IGE,0
468,488,ayavacense_5_Nor_Yungas,seemenii,26.226,2.397106109,0.5583278079999999,4.97,peru_bol,1,0,IGE,0
469,489,FM_768283_A,stellato_tomentosum,63.608999999999995,1.8013422819999998,0.13656227199999998,973.72,costa_rica,3,1,LPT,[]
470,490,stellato_tomentosum_MD_593_A,stellato_tomentosum,54.098,1.527624721,0.18861315399999998,973.72,costa_rica,3,1,LPT,[]
471,491,stellato_tomentosum_MD_589_A,stellato_tomentosum,85.649,1.489016125,0.263862954,973.72,costa_rica,3,1,LPT,[]
472,492,stellato-tomentosum_E_Navarro_V_451_A,stellato_tomentosum,42.865,2.02930968,0.286033752,973.72,costa_rica,3,1,LPT,[]
473,493,A_Weston_3380_Aa,stellato_tomentosum,37.005,1.918280872,0.330378283,973.72,costa_rica,3,1,LPT,[]
474,494,R_Seibert_319_A,stellato_tomentosum,33.996,1.192895086,0.333388898,973.72,costa_rica,3,1,LPT,[]
475,495,stellato_tomentosum_R_Lent_4003_A_b,stellato_tomentosum,74.788,1.370725855,0.334500368,973.72,costa_rica,3,1,LPT,[]
476,496,stellato_tomentosum_MD_639_A,stellato_tomentosum,80.305,1.77311035,0.368883585,973.72,costa_rica,3,1,LPT,[]
477,497,stellato-tomentosum_V_Ramirez_1_A,stellato_tomentosum,47.729,1.311930649,0.37930100200000005,973.72,costa_rica,3,1,LPT,[]
478,498,stellato-tomentosum_J_F_Morales_56_A,stellato_tomentosum,39.096,1.824813326,0.40168170700000005,973.72,costa_rica,3,1,LPT,[]
479,499,stellato-tomentosum_J_Taylor_11521_A,stellato_tomentosum,64.118,1.275215598,0.40913740200000004,973.72,costa_rica,3,1,LPT,[]
480,500,stellato_tomentosum_MD_592_A,stellato_tomentosum,45.581,1.6519318369999998,0.447064741,973.72,costa_rica,3,1,LPT,[]
481,501,A_Jimenez_288_Ab,stellato_tomentosum,28.098000000000003,1.681916739,0.584232593,973.72,costa_rica,3,1,LPT,[]
482,502,stellato_tomentosum_H_Pittier_8881_A_a,stellato_tomentosum,49.626000000000005,1.444881294,0.589606839,973.72,costa_rica,3,1,LPT,[]
483,503,D_Hazlett_5233_A,stellato_tomentosum,34.216,1.5534365559999999,0.647628446,973.72,costa_rica,3,1,LPT,[]
484,504,stenocalyx_MD_2_Contrera_DF_Mexico_2016,stenocalyx,25.27,1.484321306,0.77818259,107.07,central_mex,2,0,D,2
485,505,stenocalyx_C_G_Pringle_10310_A_b,stenocalyx,19.596,2.351857538,0.881899023,107.07,central_mex,2,0,D,2
486,506,stenocalyx_G_B_Hinton_10163_A_a,stenocalyx,25.177,1.428752375,0.904126433,107.07,central_mex,2,0,D,2
487,507,stenocalyx_MD_129_A,stenocalyx,22.535,1.809392265,0.9112880859999999,107.07,central_mex,2,0,D,2
488,508,stenocalyx_MD_60_A,stenocalyx,40.614000000000004,1.555054621,0.937579907,4.97,central_mex,1,0,D,2
489,509,stenocalyx_MD_1_Contreras_DF_Mexico_2017,stenocalyx,29.156,1.892300745,0.955165128,107.07,central_mex,2,0,D,2
490,510,HUH_00266686_A,stenocalyx,22.288,1.6873933190000001,1.054493503,107.07,central_mex,2,0,D,2
491,511,HUH_00266687_A,stenocalyx,10.534,1.645534151,1.10654442,107.07,central_mex,2,0,D,2
492,512,stenocalyx_MD_127_A,stenocalyx,26.627,1.646319965,1.111535656,107.07,central_mex,2,0,D,2
493,513,J_Calzada_2644_A,stenocalyx,19.211,1.5549672209999998,1.159017153,107.07,central_mex,2,0,D,2
494,514,D_Daly_5329_C,subsessile,18.016,1.7474468669999998,0.0,4.97,w_col,1,0,IGE,0
495,515,F_Alzate_284_A,subsessile,15.225,2.039571846,0.0,4.97,w_col,1,0,IGE,0
496,516,F_Roldan_2303_E,subsessile,20.548000000000002,2.518461061,0.0,4.97,w_col,1,0,IGE,0
497,517,P_Sweeney_2171_B,subsessile,39.756,1.815530303,0.0,4.97,w_col,1,0,IGE,0
498,518,subsessile_anti_DSCN6045_A_Cogollo_120_A_a,subsessile,13.542,1.840574975,0.0,4.97,w_col,1,0,IGE,0
499,519,subsessile1.jpg,subsessile,31.024,1.861298025,0.035641729,4.97,w_col,1,0,IGE,0
500,520,subsessile_Kalbreyer_523_B,subsessile,9.931000000000001,1.8438335240000001,0.063881436,4.97,w_col,1,0,IGE,0
501,521,K000573667_B,subsessile,9.404,1.858550039,0.06587615299999999,4.97,w_col,1,0,IGE,0
502,522,subsessile_1,subsessile,31.471999999999998,2.190320318,0.159913007,4.97,w_col,1,0,IGE,0
503,523,P_Sweeney_2169_A,subsessile,16.480999999999998,1.731686297,0.192706075,107.07,w_col,2,0,IGE,0
504,524,sulcatum_MD_2_w_Matiss,sulcatum,42.466,2.273118721,0.0,4466.34,oaxaca,4,1,LPT,1
505,525,sulcatum_MD_3_w_Matiss,sulcatum,51.485,2.001572602,0.0,4466.34,oaxaca,4,1,LPT,1
506,526,sulcatum 2 totontepec oaxaca 2019.2.DSCN9469.jpg,sulcatum,125.39,1.545105755,0.226149885,4466.34,oaxaca,4,1,LPT,1
507,527,Img0091.TIF_ceropelon_2_C,sulcatum,52.228,1.197396672,0.302938503,4466.34,oaxaca,4,1,LPT,1
508,528,sulcatum 4 (bottom only) totontepec oaxaca.DSCN9507.jpg,sulcatum,49.36600000000001,1.5104634940000001,0.318066158,4466.34,oaxaca,4,1,LPT,1
509,529,sulcatum 1 totontepec oaxaca 3.DSCN9546.jpg,sulcatum,91.09899999999999,1.424692453,0.363877651,4466.34,oaxaca,4,1,LPT,1
510,530,Img0098.TIF_ceropelon_1_A,sulcatum,42.623999999999995,1.582650273,0.54661403,4466.34,oaxaca,4,1,LPT,1
511,531,Img0094.TIF_ceropelon_2_A,sulcatum,64.658,1.1872222890000002,0.568269877,4466.34,oaxaca,4,1,LPT,1
512,532,sulcatum 3 (right/top only) totontepec oaxaca 2019.DSCN9460.jpg,sulcatum,7.893,1.5441003530000001,0.6198774020000001,4466.34,oaxaca,4,1,LPT,1
513,533,Img0095.TIF_ceropelon_1_B,sulcatum,45.552,1.5637110019999998,0.6525285479999999,4466.34,oaxaca,4,1,LPT,1
514,534,tiliaefolium_S_Avendano_R_367_A,tiliaefolium,73.831,0.884201338,0.234192037,973.72,east_mexico,3,1,LPT,1
515,535,J_Calzada_5454_A,tiliaefolium,85.516,1.217979905,0.44648056799999997,973.72,east_mexico,3,1,LPT,1
516,536,F_Ventura_13356_Aa,tiliaefolium,107.806,1.042084168,0.46945813700000005,973.72,east_mexico,3,1,LPT,1
517,537,tiliaefolium_G_Diggs_2833_A_a,tiliaefolium,94.89399999999999,1.422788931,0.502522275,973.72,east_mexico,3,1,LPT,1
518,538,tiliaefolium_C_G_Pringle_10807_A_a,tiliaefolium,120.946,1.325971977,0.523167605,973.72,east_mexico,3,1,LPT,1
519,539,tiliaefolium_MD_1_Tenango_de_Doria_Hidalgo_2016,tiliaefolium,99.22399999999999,1.224574185,0.5559101479999999,973.72,east_mexico,3,1,LPT,1
520,540,R_Hernandez_1182_A,tiliaefolium,99.956,1.092559993,0.59552611,973.72,east_mexico,3,1,LPT,1
521,541,Sangolica_983_A_b,tiliaefolium,70.28,1.437824819,0.678258725,973.72,east_mexico,3,1,LPT,1
522,542,tiliaefolium_Paris_anonymous_4613_B_a,tiliaefolium,160.19799999999998,1.062653385,0.7125199940000001,973.72,east_mexico,3,1,LPT,1
523,543,J_Linden_531_A_a,tiliaefolium,81.943,1.528564512,0.772744445,973.72,east_mexico,3,1,LPT,1
524,544,HUH_00266670_Aa,tiliaefolium,137.901,1.0592621359999999,0.783185487,973.72,east_mexico,3,1,LPT,1
525,545,tiliaefolium_M_Chazaro_3414_A_a,tiliaefolium,98.126,1.108013937,0.7929293909999999,973.72,east_mexico,3,1,LPT,1
526,546,J_Calzada_5430_Ab,tiliaefolium,66.923,1.090384615,0.828304343,973.72,east_mexico,3,1,LPT,1
527,547,R_Ortega_783_A,tiliaefolium,49.824,1.295698156,0.927938915,973.72,east_mexico,3,1,LPT,1
528,548,J_Fay_439_A,tiliaefolium,82.21799999999999,1.256216453,0.94180962,973.72,east_mexico,3,1,LPT,1
529,549,L_Correa_34_A,tinoides1,33.048,2.403680688,0.0,4.97,w_col,1,0,IGE,[]
530,550,W_Vargas_5815_A,tinoides1,75.571,2.022180342,0.0,4.97,w_col,1,0,IGE,[]
531,551,tinoides_M_C_Velez_1185_A_a,tinoides1,51.681000000000004,2.298075126,0.0,4.97,w_col,1,0,IGE,[]
532,552,tinoides_J_Cuatrecasas_18552_A_a,tinoides1,30.549,2.7034010019999997,0.027745408,4.97,w_col,1,0,IGE,[]
533,553,tinoides_P_Franco_1720_B_a,tinoides1,52.994,1.850140752,0.049582269000000005,4.97,w_col,1,0,IGE,[]
534,554,tinoides_J_Carlos_Arias_59_A,tinoides1,40.366,2.100060643,0.052399916,4.97,w_col,1,0,IGE,[]
535,555,tinoides_L_C_Jimenez_13_A_b,tinoides1,30.791,2.227651967,0.060377358,4.97,w_col,1,0,IGE,[]
536,556,J_Velez_5321_A,tinoides1,33.336,2.058577406,0.062420024000000005,4.97,w_col,1,0,IGE,[]
537,557,F_Cardona_258_A,tinoides1,15.716,2.1767810030000003,0.084745763,4.97,w_col,1,0,IGE,[]
538,558,C_Murcia_1173_A,tinoides1,85.072,1.6497593480000001,0.104443005,4.97,w_col,1,0,IGE,[]
539,559,D_Moreno_19_A,tinoides1,39.832,2.002782194,0.210360242,4.97,w_col,1,0,IGE,[]
540,560,tinoides_G_Galeano_2015_A_a,tinoides1,36.578,2.1457394290000003,0.233508465,4.97,w_col,1,0,IGE,[]
541,561,C_Murcia_166_A,tinoides1,24.959,2.163057657,0.373045749,4.97,w_col,1,0,IGE,[]
542,562,HUH_00266701_A,tinoides2,28.244,2.335372069,0.0,4.97,e_col,1,0,IGE,[]
543,563,tinoides_J_H_Torres_R_700_A_b,tinoides2,45.216,2.02173913,0.0,4.97,e_col,1,0,IGE,[]
544,564,tinoides2.4 DSCN6276.jpg,tinoides2,34.865,1.908563135,0.0,4.97,e_col,1,0,IGE,[]
545,565,tinoides2.1.jpg,tinoides2,20.494,2.473522167,0.0,4.97,e_col,1,0,IGE,[]
546,566,tinoides2.3 DSCN6261.jpg,tinoides2,23.836,2.345843759,0.0,4.97,e_col,1,0,IGE,[]
547,567,tinoides2.2 DSCN5933.jpg,tinoides2,16.39,2.215705442,0.0,4.97,e_col,1,0,IGE,[]
548,568,J_Cuatrecasas_8011_A,tinoides2,27.334,1.9890031080000001,0.145001088,4.97,e_col,1,0,IGE,[]
549,569,J_Clark_5086_A,toronis,32.571999999999996,2.191954023,0.0,107.07,e_col,2,0,IGE,0
550,570,MO-1847152_A,toronis,46.397,2.1828143019999997,0.0,4.97,e_col,1,0,IGE,0
551,571,toronis_T_B_Croat_59105_A,toronis,39.92,2.0601973019999997,0.0,4.97,e_col,1,0,IGE,0
552,572,toronis_H_Lugo_S_1779_A,toronis,43.913999999999994,2.098217745,0.026568893,4.97,e_col,1,0,IGE,0
553,573,MO-1847146_A,toronis,35.508,2.155240175,0.028615578,107.07,e_col,2,0,IGE,0
554,574,toronis_B_Ollgaerd_9143_A,toronis,30.4,1.609298532,0.033168596,4.97,e_col,1,0,IGE,0
555,575,toronis_C_E_Ceron_M_1553_A,toronis,27.35,1.9959300930000001,0.033537915,4.97,e_col,1,0,IGE,0
556,576,toronis_anti_DSCN6202_D_D_Soejarto_9423_A_a,toronis,37.646,2.5682870369999997,0.056884439,4.97,e_col,1,0,IGE,0
557,577,H_Vargas_3925_A,toronis,36.508,2.060854917,0.056895767,4.97,e_col,1,0,IGE,0
558,578,J_Cuatrecasas_8599_A,toronis,34.819,2.326918671,0.059600083,4.97,e_col,1,0,IGE,0
559,579,W_Palacios_8390_B,toronis,48.38399999999999,2.062763038,0.183409317,4.97,e_col,1,0,IGE,0
560,580,D_Sanchez_1701_A,toronis,89.493,2.090478125,0.230414747,4.97,e_col,1,0,IGE,0
561,581,HUH_00266694_A,triphyllum,13.637,2.0153321980000003,0.0,4.97,e_col,1,0,SGE,0
562,582,J_Betancur_4227_C,triphyllum,11.64,2.134345351,0.0,4.97,e_col,1,0,SGE,0
563,583,triphyllum_MD_1_Bogota_2012,triphyllum,24.654,2.020040589,0.0,4.97,e_col,1,0,SGE,0
564,584,triphyllum_anti_2_DSCN6049_E_Renteria_4156_B_c,triphyllum,14.402999999999999,1.7045731709999998,0.0,4.97,e_col,1,0,SGE,0
565,585,triphyllum_anti_3_DSCN6056_J_G_Ramirez_22_A_b,triphyllum,18.499000000000002,2.109216038,0.0,4.97,e_col,1,0,SGE,0
566,586,triphyllum_anti_3_DSCN6210_E_Valderrama_B_c,triphyllum,6.0120000000000005,2.3234159780000003,0.0,4.97,e_col,1,0,SGE,0
567,587,triphyllum_L_Piedrahita_567_C_a,triphyllum,18.833,1.946993445,0.0,4.97,e_col,1,0,SGE,0
568,588,triphyllum_L_U_Uribe_5424_A_b,triphyllum,7.28,3.08891455,0.0,4.97,e_col,1,0,SGE,0
569,589,M_T_Dawe_168_C_a,triphyllum,14.554,1.82700157,0.047662170999999996,4.97,e_col,1,0,SGE,0
570,590,J_Betancur_10943_B,triphyllum,8.51,2.242948135,0.06420958,4.97,e_col,1,0,SGE,0
571,591,triphyllum_M_J_Goudot_1866_A_a,triphyllum,22.659000000000002,2.368767908,0.079630514,4.97,e_col,1,0,SGE,0
572,592,triphyllum_anti_J_E_Calle_143_B_a,triphyllum,16.339000000000002,1.830614061,0.09015506699999999,4.97,e_col,1,0,SGE,0
573,593,triphyllum_kew_1040_B_a,triphyllum,8.024,1.987648875,0.132074226,4.97,e_col,1,0,SGE,0
574,594,M_Munera_983_B,undulatum,41.0,2.575299867,0.052995575,4466.34,w_col,4,1,LPT,1
575,595,O_Marulanda_32_A,undulatum,36.258,1.981562047,0.060999787,4466.34,w_col,4,1,LPT,1
576,596,I_Rodriguez_3677_A,undulatum,42.481,2.5671023969999998,0.099455481,4466.34,w_col,4,1,LPT,1
577,597,O_Marulanda_374_A,undulatum,63.39,1.8069729159999999,0.138561729,4466.34,w_col,4,1,LPT,1
578,598,undulatum_anti_6_DSCN5881_W_Rodriguez_853_A_a,undulatum,40.806,2.7983290789999997,0.153554793,4466.34,w_col,4,1,LPT,1
579,599,undulatum_1,undulatum,63.3,2.358193637,0.17660434,4466.34,w_col,4,1,LPT,1
580,600,undulatum_anti_15_DSCN6178_J_L_Zarucchi_6312_A_b,undulatum,46.481,2.061590146,0.19477989899999998,4466.34,w_col,4,1,LPT,1
581,601,J_Diaz_34_A,undulatum,51.21,2.558637084,0.202638808,4466.34,w_col,4,1,LPT,1
582,602,undulatum_anti_8_DSCN6062_L_Albert_de_Escobar_6762_A_a,undulatum,59.195,2.3001397619999997,0.20294953300000002,4466.34,w_col,4,1,LPT,1
583,603,undulatum_2,undulatum,143.982,2.491489858,0.209301978,4466.34,w_col,4,1,LPT,1
584,604,L_Giraldo_712_A,undulatum,50.812,2.182001837,0.20972176899999997,4466.34,w_col,4,1,LPT,1
585,605,CNHM_1399661_A,undulatum,28.531999999999996,3.281635107,0.23331777899999998,4466.34,w_col,4,1,LPT,1
586,606,G_Cormino_56_A,undulatum,50.81399999999999,1.879665928,0.234246896,4466.34,w_col,4,1,LPT,1
587,607,D_Tuberquia_2344_A,undulatum,63.943999999999996,2.419238062,0.255313717,4466.34,w_col,4,1,LPT,1
588,608,L_Londono_130_A,undulatum,60.346000000000004,1.7904136769999999,0.283667825,4466.34,w_col,4,1,LPT,1
589,609,J_Benavides_48_A,undulatum,95.76299999999999,2.5140723719999998,0.306649176,4466.34,w_col,4,1,LPT,1
590,610,undulatum_anti_5_DSCN5869_M_Correa_806_A_b,undulatum,31.834,2.767180559,0.317286336,4466.34,w_col,4,1,LPT,1
591,611,undulatum_anti_11_DSCN6114_J_L_Zarucchi_4599_A_a,undulatum,38.818000000000005,2.6098345590000003,0.32410533399999997,4466.34,w_col,4,1,LPT,1
592,612,H_David_191_A,undulatum,37.696,2.089296891,0.34100068200000005,4466.34,w_col,4,1,LPT,1
593,613,undulatum_anti_12_DSCN6132_S_Morales_6102_A_a,undulatum,45.938,1.86035313,0.394844459,4466.34,w_col,4,1,LPT,1
594,614,J_Zarucchi_6117_A,undulatum,36.665,2.322033898,0.435717982,4466.34,w_col,4,1,LPT,1
595,615,F_Alzate_867_B,undulatum,42.938,2.272579001,0.517020871,4466.34,w_col,4,1,LPT,1
596,616,J_Luteyn_11863_A,undulatum,45.228,2.184846124,0.5254998820000001,4466.34,w_col,4,1,LPT,1
597,636,subdentatum_DSCN8747_C_a,villosum,10.012,1.57937346,0.0,4.97,jamaica,1,0,IGE,0
598,637,A_Gentry_50996_A,villosum,25.64,1.96200049,0.0,107.07,jamaica,2,0,IGE,0
599,638,villosum_Holly_Mount_1_5-23_DSCN8781_a,villosum,18.67,2.550605961,0.0,107.07,jamaica,2,0,IGE,0
600,639,villosum_Holly_mount_2_5-23_DSCN8797_a,villosum,36.58,1.74380805,0.0,107.07,jamaica,2,0,IGE,0
601,640,villosum_holly_mount_3_5-23DSCN8821_a,villosum,45.382,1.7779336959999998,0.0,4.97,jamaica,1,0,IGE,0
602,641,villosum_mason_river_preserve_5-23_a,villosum,24.561999999999998,1.688821752,0.0,973.72,jamaica,3,1,IGE,0
603,642,villosum_Mount_Horeb_2-26_a,villosum,40.578,1.386631717,0.0,107.07,jamaica,2,0,IGE,0
604,643,villosum_road_to_blue_mountain_5-27_DSCN9095_a,villosum,37.519,1.8665744219999998,0.0,973.72,jamaica,3,1,IGE,0
605,644,villosum_road_to_Newcastle_2_5-26_DSCN9052_a,villosum,39.732,1.3973741069999999,0.0,973.72,jamaica,3,1,IGE,0
606,645,villosum_cinchona_1_5-29_DSCN9215_a-1,villosum,40.382,1.733382299,0.061663685999999995,107.07,jamaica,2,0,IGE,0
607,646,villosum_G_Webster_13630_B_b,villosum,35.83,1.529293299,0.09155552800000001,973.72,jamaica,3,1,IGE,0
608,647,subdentatum_DSCN8766_a,villosum,12.265,1.6416990919999999,0.105485232,107.07,jamaica,2,0,IGE,0
609,648,villosum_MD_629_C_a,villosum,42.643,1.751257184,0.118711975,107.07,jamaica,2,0,IGE,0
610,649,subdentatum_DSCN8708_C_a,villosum,12.136,1.458678955,0.15954900800000002,107.07,jamaica,2,0,IGE,0
611,650,villosum_MD_626_A,villosum,36.388000000000005,1.5524437119999999,0.200287078,973.72,jamaica,3,1,IGE,0
612,651,S_Sinha_1067_A,villosum,30.712,1.76044982,0.202586352,973.72,jamaica,3,1,IGE,0
613,652,villosum_W_Harris_9255_B_a,villosum,67.469,1.567472646,0.20813579699999998,973.72,jamaica,3,1,IGE,0
614,653,subdentatum_DSCN8761_A_b,villosum,10.714,1.77625406,0.233032333,107.07,jamaica,2,0,IGE,0
615,654,villosum_MD_628_a,villosum,31.178,1.4539712919999999,0.246800409,973.72,jamaica,3,1,IGE,0
616,655,subdentatum_DSCN8702_B_b,villosum,11.612,1.814996496,0.26317174600000004,107.07,jamaica,2,0,IGE,0
617,656,subdentatum_blue_mountain_peak_5-28_DSCN9162_a,villosum,13.652000000000001,1.296286182,0.429115486,107.07,jamaica,2,0,IGE,0
